<?xml version="1.0" encoding="UTF-8"?><CodeSystem xmlns="http://hl7.org/fhir"><id value="documentoFiscale"/><text><status value="generated"/><div xmlns="http://www.w3.org/1999/xhtml"><p>This code system http://hl7.it/fhir/spesaSanitaria/CodeSystem/documentoFiscale defines the following codes:</p><table class="codes"><tr><td style="white-space:nowrap"><b>Code</b></td><td><b>Display</b></td><td><b>Definition</b></td></tr><tr><td style="white-space:nowrap">F<a name="documentoFiscale-F"> </a></td><td>fattura</td><td>fattura</td></tr><tr><td style="white-space:nowrap">D<a name="documentoFiscale-D"> </a></td><td>documento commerciale</td><td>documento commerciale</td></tr><tr><td style="white-space:nowrap">TK<a name="documentoFiscale-TK"> </a></td><td>Ticket</td><td>Ticket (Quota fissa e/o Differenza con il prezzo di riferimento. Franchigia. Pronto Soccorso e accesso diretto)</td></tr><tr><td style="white-space:nowrap">FC<a name="documentoFiscale-FC"> </a></td><td>Farmaci e Dispositivi medici CE</td><td>Farmaco, anche omeopatico. Dispositivi medici CE</td></tr><tr><td style="white-space:nowrap">FV<a name="documentoFiscale-FV"> </a></td><td>Farmaco per uso veterinario</td><td>Farmaco per uso veterinario</td></tr><tr><td style="white-space:nowrap">AD<a name="documentoFiscale-AD"> </a></td><td>Acquisto o affitto di dispositivo medico CE</td><td>Acquisto o affitto di dispositivo medico CE</td></tr><tr><td style="white-space:nowrap">CT<a name="documentoFiscale-CT"> </a></td><td>Cure Termali</td><td>Cure Termali</td></tr><tr><td style="white-space:nowrap">PI<a name="documentoFiscale-PI"> </a></td><td>Protesica e integrativa</td><td>protesica e integrativa</td></tr><tr><td style="white-space:nowrap">IC<a name="documentoFiscale-IC"> </a></td><td>Chirurgia e medicina estetica</td><td>Prestazioni di chirurgia estetica e di medicina estetica (ambulatoriale o ospedaliera)</td></tr><tr><td style="white-space:nowrap">SP<a name="documentoFiscale-SP"> </a></td><td>Prestazioni sanitarie</td><td>Prestazioni sanitarie</td></tr><tr><td style="white-space:nowrap">SV<a name="documentoFiscale-SV"> </a></td><td>Spese veterinarie</td><td>Spese veterinarie</td></tr><tr><td style="white-space:nowrap">AA<a name="documentoFiscale-AA"> </a></td><td>Altre spese</td><td>Altre spese</td></tr><tr><td style="white-space:nowrap">SR<a name="documentoFiscale-SR"> </a></td><td>Varie prestazioni sanitarie</td><td>prestazioni sanitarie: assistenza specialistica ambulatoriale esclusi interventi di chirurgia estetica; visita medica generica e specialistica o prestazioni diagnostiche estrumentali; prestazione chirurgica ad esclusione della chirurgia estetica;certificazione medica; ricoveri ospedalieri ricollegabili ad interventi chirurgici o adegenza, ad  esclusione della chirurgia estetica, al netto del comfort</td></tr><tr><td style="white-space:nowrap">AS<a name="documentoFiscale-AS"> </a></td><td>Farmacia dei servizi</td><td>Spese sanitarie relative ad ECG, spirometria, Holter pressorio e cardiaco, test per glicemia, colesterolo e trigliceridi o misurazione della pressione sanguigna, prestazione previste dalla farmacia dei servizi e simili sanguigna)</td></tr><tr><td style="white-space:nowrap">aliquota-iva<a name="documentoFiscale-aliquota-iva"> </a></td><td>Aliquota IVA</td><td>Aliquota IVA</td></tr></table></div></text><url value="http://hl7.it/fhir/spesaSanitaria/CodeSystem/documentoFiscale"/><version value="0.1.0"/><name value="CsDocumentoFiscaleSTS"/><title value="Internal Code System"/><status value="active"/><date value="2021-10-25T21:40:26+00:00"/><description value="Documento Fiscale (STS) FHIR IG Internal Code System"/><jurisdiction><coding><system value="urn:iso:std:iso:3166"/><code value="IT"/><display value="Italy"/></coding></jurisdiction><content value="complete"/><count value="15"/><concept><code value="F"/><display value="fattura"/><definition value="fattura"/></concept><concept><code value="D"/><display value="documento commerciale"/><definition value="documento commerciale"/></concept><concept><code value="TK"/><display value="Ticket"/><definition value="Ticket (Quota fissa e/o Differenza con il prezzo di riferimento. Franchigia. Pronto Soccorso e accesso diretto)"/></concept><concept><code value="FC"/><display value="Farmaci e Dispositivi medici CE"/><definition value="Farmaco, anche omeopatico. Dispositivi medici CE"/></concept><concept><code value="FV"/><display value="Farmaco per uso veterinario"/><definition value="Farmaco per uso veterinario"/></concept><concept><code value="AD"/><display value="Acquisto o affitto di dispositivo medico CE"/><definition value="Acquisto o affitto di dispositivo medico CE"/></concept><concept><code value="CT"/><display value="Cure Termali"/><definition value="Cure Termali"/></concept><concept><code value="PI"/><display value="Protesica e integrativa"/><definition value="protesica e integrativa"/></concept><concept><code value="IC"/><display value="Chirurgia e medicina estetica"/><definition value="Prestazioni di chirurgia estetica e di medicina estetica (ambulatoriale o ospedaliera)"/></concept><concept><code value="SP"/><display value="Prestazioni sanitarie"/><definition value="Prestazioni sanitarie"/></concept><concept><code value="SV"/><display value="Spese veterinarie"/><definition value="Spese veterinarie"/></concept><concept><code value="AA"/><display value="Altre spese"/><definition value="Altre spese"/></concept><concept><code value="SR"/><display value="Varie prestazioni sanitarie"/><definition value="prestazioni sanitarie: assistenza specialistica ambulatoriale esclusi interventi di chirurgia estetica; visita medica generica e specialistica o prestazioni diagnostiche estrumentali; prestazione chirurgica ad esclusione della chirurgia estetica;certificazione medica; ricoveri ospedalieri ricollegabili ad interventi chirurgici o adegenza, ad  esclusione della chirurgia estetica, al netto del comfort"/></concept><concept><code value="AS"/><display value="Farmacia dei servizi"/><definition value="Spese sanitarie relative ad ECG, spirometria, Holter pressorio e cardiaco, test per glicemia, colesterolo e trigliceridi o misurazione della pressione sanguigna, prestazione previste dalla farmacia dei servizi e simili sanguigna)"/></concept><concept><code value="aliquota-iva"/><display value="Aliquota IVA"/><definition value="Aliquota IVA"/></concept></CodeSystem>