<?xml version="1.0" encoding="UTF-8"?><ImplementationGuide xmlns="http://hl7.org/fhir"><id value="hl7.fhir.it.730"/><text><status value="extensions"/><div xmlns="http://www.w3.org/1999/xhtml"><h2>HL7ITSpesaSanitaria</h2><p>The official URL for this implementation guide is: </p><pre>http://hl7.it/fhir/spesaSanitaria/ImplementationGuide/hl7.fhir.it.730</pre><div><p>HL7 Italia FHIR Implementation Guide 730, specifica come utilizzare lo standard HL7 FHIR per l&#39;alimentazione e la consultazione del 730</p>
</div></div></text><url value="http://hl7.it/fhir/spesaSanitaria/ImplementationGuide/hl7.fhir.it.730"/><version value="0.1.0"/><name value="HL7ITSpesaSanitaria"/><title value="HL7 Italia FHIR Implementation Guide 730"/><status value="active"/><date value="2021-10-25T21:40:26+00:00"/><description value="HL7 Italia FHIR Implementation Guide 730, specifica come utilizzare lo standard HL7 FHIR per l&#39;alimentazione e la consultazione del 730"/><jurisdiction><coding><system value="urn:iso:std:iso:3166"/><code value="IT"/><display value="Italy"/></coding></jurisdiction><packageId value="hl7.fhir.it.730"/><license value="CC-BY-SA-4.0"/><fhirVersion value="4.0.1"/><dependsOn id="hl7_fhir_it_base"><uri value="http://hl7.it/fhir/ImplementationGuide/hl7.fhir.it.base"/><packageId value="hl7.fhir.it.base"/><version value="dev"/></dependsOn><dependsOn id="hl7_fhir_it_terminology"><uri value="http://terminology.hl7.it/ImplementationGuide/hl7.fhir.it.terminology"/><packageId value="hl7.fhir.it.terminology"/><version value="dev"/></dependsOn><definition><extension url="http://hl7.org/fhir/tools/StructureDefinition/ig-parameter"><extension url="code"><valueString value="copyrightyear"/></extension><extension url="value"><valueString value="2021+"/></extension></extension><extension url="http://hl7.org/fhir/tools/StructureDefinition/ig-parameter"><extension url="code"><valueString value="releaselabel"/></extension><extension url="value"><valueString value="CI Build"/></extension></extension><extension url="http://hl7.org/fhir/tools/StructureDefinition/ig-parameter"><extension url="code"><valueString value="show-inherited-invariants"/></extension><extension url="value"><valueString value="false"/></extension></extension><extension url="http://hl7.org/fhir/tools/StructureDefinition/ig-parameter"><extension url="code"><valueString value="apply-jurisdiction"/></extension><extension url="value"><valueString value="true"/></extension></extension><extension url="http://hl7.org/fhir/tools/StructureDefinition/ig-parameter"><extension url="code"><valueString value="apply-publisher"/></extension><extension url="value"><valueString value="true"/></extension></extension><extension url="http://hl7.org/fhir/tools/StructureDefinition/ig-parameter"><extension url="code"><valueString value="special-url"/></extension><extension url="value"><valueString value="http://terminology.hl7.it/CodeSystem/minsan-esenzioni"/></extension></extension><extension url="http://hl7.org/fhir/tools/StructureDefinition/ig-parameter"><extension url="code"><valueString value="special-url"/></extension><extension url="value"><valueString value="http://terminology.hl7.it/CodeSystem/istat-professioni"/></extension></extension><extension url="http://hl7.org/fhir/tools/StructureDefinition/ig-parameter"><extension url="code"><valueString value="autoload-resources"/></extension><extension url="value"><valueString value="true"/></extension></extension><extension url="http://hl7.org/fhir/tools/StructureDefinition/ig-parameter"><extension url="code"><valueString value="path-liquid"/></extension><extension url="value"><valueString value="template/liquid"/></extension></extension><extension url="http://hl7.org/fhir/tools/StructureDefinition/ig-parameter"><extension url="code"><valueString value="path-liquid"/></extension><extension url="value"><valueString value="input/liquid"/></extension></extension><extension url="http://hl7.org/fhir/tools/StructureDefinition/ig-parameter"><extension url="code"><valueString value="path-qa"/></extension><extension url="value"><valueString value="temp/qa"/></extension></extension><extension url="http://hl7.org/fhir/tools/StructureDefinition/ig-parameter"><extension url="code"><valueString value="path-temp"/></extension><extension url="value"><valueString value="temp/pages"/></extension></extension><extension url="http://hl7.org/fhir/tools/StructureDefinition/ig-parameter"><extension url="code"><valueString value="path-output"/></extension><extension url="value"><valueString value="output"/></extension></extension><extension url="http://hl7.org/fhir/tools/StructureDefinition/ig-parameter"><extension url="code"><valueString value="path-suppressed-warnings"/></extension><extension url="value"><valueString value="input/ignoreWarnings.txt"/></extension></extension><extension url="http://hl7.org/fhir/tools/StructureDefinition/ig-parameter"><extension url="code"><valueString value="path-history"/></extension><extension url="value"><valueString value="http://hl7.it/fhir/spesaSanitaria/history.html"/></extension></extension><extension url="http://hl7.org/fhir/tools/StructureDefinition/ig-parameter"><extension url="code"><valueString value="template-html"/></extension><extension url="value"><valueString value="template-page.html"/></extension></extension><extension url="http://hl7.org/fhir/tools/StructureDefinition/ig-parameter"><extension url="code"><valueString value="template-md"/></extension><extension url="value"><valueString value="template-page-md.html"/></extension></extension><extension url="http://hl7.org/fhir/tools/StructureDefinition/ig-parameter"><extension url="code"><valueString value="apply-contact"/></extension><extension url="value"><valueString value="true"/></extension></extension><extension url="http://hl7.org/fhir/tools/StructureDefinition/ig-parameter"><extension url="code"><valueString value="apply-context"/></extension><extension url="value"><valueString value="true"/></extension></extension><extension url="http://hl7.org/fhir/tools/StructureDefinition/ig-parameter"><extension url="code"><valueString value="apply-copyright"/></extension><extension url="value"><valueString value="true"/></extension></extension><extension url="http://hl7.org/fhir/tools/StructureDefinition/ig-parameter"><extension url="code"><valueString value="apply-license"/></extension><extension url="value"><valueString value="true"/></extension></extension><extension url="http://hl7.org/fhir/tools/StructureDefinition/ig-parameter"><extension url="code"><valueString value="apply-version"/></extension><extension url="value"><valueString value="true"/></extension></extension><extension url="http://hl7.org/fhir/tools/StructureDefinition/ig-parameter"><extension url="code"><valueString value="active-tables"/></extension><extension url="value"><valueString value="true"/></extension></extension><grouping id="-str-logicalmodel"><name value="Structures: Logical Models"/><description value="These define data models that represent the domain covered by this implementation guide in more business-friendly terms than the underlying FHIR resources."/></grouping><grouping id="-str-profile"><name value="Structures: Resource Profiles"/><description value="These define constraints on FHIR resources for systems conforming to this implementation guide"/></grouping><grouping id="-str-extension"><name value="Structures: Extension Definitions"/><description value="These define constraints on FHIR data types for systems conforming to this implementation guide"/></grouping><grouping id="-term-valueset"><name value="Terminology: Value Sets"/><description value="These define sets of codes used by systems conforming to this implementation guide"/></grouping><grouping id="-term-codesystem"><name value="Terminology: Code Systems"/><description value="These define new code systems used by systems conforming to this implementation guide"/></grouping><resource><extension url="http://hl7.org/fhir/StructureDefinition/implementationguide-page"><valueUri value="StructureDefinition-Device-it-sts.html"/></extension><reference><reference value="StructureDefinition/Device-it-sts"/></reference><name value="Device (only serial)"/><description value="Minimal Device Data: only serial"/><exampleBoolean value="false"/><groupingId value="-str-profile"/></resource><resource><extension url="http://hl7.org/fhir/StructureDefinition/implementationguide-page"><valueUri value="StructureDefinition-Invoice-it-spesaSanitaria.html"/></extension><reference><reference value="StructureDefinition/Invoice-it-spesaSanitaria"/></reference><name value="Invoice Documento Fiscale (STS)"/><description value="This profile defines how to constrain the Invoice resource for the scope of tracking the health expenses (SISTEMA TESSERA SANITARIA)"/><exampleBoolean value="false"/><groupingId value="-str-profile"/></resource><resource><extension url="http://hl7.org/fhir/StructureDefinition/implementationguide-page"><valueUri value="StructureDefinition-OrganizationIssuer-it-sts.html"/></extension><reference><reference value="StructureDefinition/OrganizationIssuer-it-sts"/></reference><name value="Organization (issuer)"/><description value="Organization issuing the invoice"/><exampleBoolean value="false"/><groupingId value="-str-profile"/></resource><resource><extension url="http://hl7.org/fhir/StructureDefinition/implementationguide-page"><valueUri value="StructureDefinition-Patient-it-sts.html"/></extension><reference><reference value="StructureDefinition/Patient-it-sts"/></reference><name value="Patient (only CF)"/><description value="Minimal Patient Data: only fiscal code"/><exampleBoolean value="false"/><groupingId value="-str-profile"/></resource><resource><extension url="http://hl7.org/fhir/StructureDefinition/implementationguide-page"><valueUri value="StructureDefinition-PaymentReconciliation-it-sts.html"/></extension><reference><reference value="StructureDefinition/PaymentReconciliation-it-sts"/></reference><name value="PaymentReconciliation"/><description value="Minimal PaymentReconciliation Data"/><exampleBoolean value="false"/><groupingId value="-str-profile"/></resource><resource><extension url="http://hl7.org/fhir/StructureDefinition/implementationguide-page"><valueUri value="StructureDefinition-invoicePaymentExt-it-sts.html"/></extension><reference><reference value="StructureDefinition/invoicePaymentExt-it-sts"/></reference><name value="Dettagli Pagamento"/><description value="Extension to the Invoice resource allowing to describe the payment details"/><exampleBoolean value="false"/><groupingId value="-str-extension"/></resource><resource><extension url="http://hl7.org/fhir/StructureDefinition/implementationguide-page"><valueUri value="StructureDefinition-issuerPractictionerExt-it-sts.html"/></extension><reference><reference value="StructureDefinition/issuerPractictionerExt-it-sts"/></reference><name value="Professionista (issuer)"/><description value="Extension to the Invoice resource allowing to refer a Practiction/PractictionerRole as an issuer"/><exampleBoolean value="false"/><groupingId value="-str-extension"/></resource><resource><extension url="http://hl7.org/fhir/StructureDefinition/implementationguide-page"><valueUri value="StructureDefinition-DocumentoSpesaSanitaria.html"/></extension><reference><reference value="StructureDefinition/DocumentoSpesaSanitaria"/></reference><name value="Documento Fiscale (STS)"/><description value="Documento Fiscale da inviarsi al SISTEMA TESSERA SANITARIA. Dati di spesa sanitaria di cui art. 3 comma 3 D.ls 175/2014"/><exampleBoolean value="false"/><groupingId value="-str-logicalmodel"/></resource><resource><extension url="http://hl7.org/fhir/StructureDefinition/implementationguide-page"><valueUri value="ValueSet-ValueSet-invoiceType-it-spesaSanitaria.html"/></extension><reference><reference value="ValueSet/ValueSet-invoiceType-it-spesaSanitaria"/></reference><name value="Tipo di documento"/><description value="Tipologia del documento attestante il pagamento della prestazione o del bene sanitario assume valore: F (fattura) D (documento commerciale)"/><exampleBoolean value="false"/><groupingId value="-term-valueset"/></resource><resource><extension url="http://hl7.org/fhir/StructureDefinition/implementationguide-page"><valueUri value="ValueSet-ValueSet-lineItemType-it-spesaSanitaria.html"/></extension><reference><reference value="ValueSet/ValueSet-lineItemType-it-spesaSanitaria"/></reference><name value="Tipo di voce di spesa"/><description value="Tipo di voce di spesa"/><exampleBoolean value="false"/><groupingId value="-term-valueset"/></resource><resource><extension url="http://hl7.org/fhir/StructureDefinition/implementationguide-page"><valueUri value="ValueSet-ValueSet-priceComponentCode-it-spesaSanitaria.html"/></extension><reference><reference value="ValueSet/ValueSet-priceComponentCode-it-spesaSanitaria"/></reference><name value="Tipo di componente"/><description value="Tipo di componente del prezzo: e.g. IVA "/><exampleBoolean value="false"/><groupingId value="-term-valueset"/></resource><resource><extension url="http://hl7.org/fhir/StructureDefinition/implementationguide-page"><valueUri value="CodeSystem-documentoFiscale.html"/></extension><reference><reference value="CodeSystem/documentoFiscale"/></reference><name value="Internal Code System"/><description value="Documento Fiscale (STS) FHIR IG Internal Code System"/><exampleBoolean value="false"/><groupingId value="-term-codesystem"/></resource><page><nameUrl value="toc.html"/><title value="Table of Contents"/><generation value="html"/><page><nameUrl value="index.html"/><title value="Home Page"/><generation value="markdown"/></page><page><nameUrl value="design.html"/><title value="Principi e disegno"/><generation value="markdown"/></page><page><nameUrl value="methodology.html"/><title value="Metodologia"/><generation value="markdown"/></page><page><nameUrl value="spec.html"/><title value="Specifiche Tecniche"/><generation value="markdown"/></page><page><nameUrl value="scenario.html"/><title value="Scenari"/><generation value="html"/></page><page><nameUrl value="downloads.html"/><title value="Download utili"/><generation value="html"/></page><page><nameUrl value="changes.html"/><title value="IG Change History"/><generation value="html"/></page><page><nameUrl value="artifacts.html"/><title value="Artifacts Summary"/><generation value="html"/><page><nameUrl value="StructureDefinition-DocumentoSpesaSanitaria.html"/><title value="Documento Fiscale (STS)"/><generation value="generated"/></page><page><nameUrl value="StructureDefinition-Device-it-sts.html"/><title value="Device (only serial)"/><generation value="generated"/></page><page><nameUrl value="StructureDefinition-Invoice-it-spesaSanitaria.html"/><title value="Invoice Documento Fiscale (STS)"/><generation value="generated"/></page><page><nameUrl value="StructureDefinition-OrganizationIssuer-it-sts.html"/><title value="Organization (issuer)"/><generation value="generated"/></page><page><nameUrl value="StructureDefinition-Patient-it-sts.html"/><title value="Patient (only CF)"/><generation value="generated"/></page><page><nameUrl value="StructureDefinition-PaymentReconciliation-it-sts.html"/><title value="PaymentReconciliation"/><generation value="generated"/></page><page><nameUrl value="StructureDefinition-invoicePaymentExt-it-sts.html"/><title value="Dettagli Pagamento"/><generation value="generated"/></page><page><nameUrl value="StructureDefinition-issuerPractictionerExt-it-sts.html"/><title value="Professionista (issuer)"/><generation value="generated"/></page><page><nameUrl value="ValueSet-ValueSet-invoiceType-it-spesaSanitaria.html"/><title value="Tipo di documento"/><generation value="generated"/></page><page><nameUrl value="ValueSet-ValueSet-lineItemType-it-spesaSanitaria.html"/><title value="Tipo di voce di spesa"/><generation value="generated"/></page><page><nameUrl value="ValueSet-ValueSet-priceComponentCode-it-spesaSanitaria.html"/><title value="Tipo di componente"/><generation value="generated"/></page><page><nameUrl value="CodeSystem-documentoFiscale.html"/><title value="Internal Code System"/><generation value="generated"/></page></page></page><parameter><code value="path-resource"/><value value="input/capabilities"/></parameter><parameter><code value="path-resource"/><value value="input/examples"/></parameter><parameter><code value="path-resource"/><value value="input/extensions"/></parameter><parameter><code value="path-resource"/><value value="input/models"/></parameter><parameter><code value="path-resource"/><value value="input/operations"/></parameter><parameter><code value="path-resource"/><value value="input/profiles"/></parameter><parameter><code value="path-resource"/><value value="input/resources"/></parameter><parameter><code value="path-resource"/><value value="input/vocabulary"/></parameter><parameter><code value="path-resource"/><value value="input/maps"/></parameter><parameter><code value="path-resource"/><value value="input/testing"/></parameter><parameter><code value="path-resource"/><value value="input/history"/></parameter><parameter><code value="path-resource"/><value value="fsh-generated/resources"/></parameter><parameter><code value="path-pages"/><value value="template/config"/></parameter><parameter><code value="path-pages"/><value value="input/images"/></parameter><parameter><code value="path-tx-cache"/><value value="input-cache/txcache"/></parameter></definition></ImplementationGuide>