{
  "resourceType": "CodeSystem",
  "id": "documentoFiscale",
  "text": {
    "status": "generated",
    "div": "<div xmlns=\"http://www.w3.org/1999/xhtml\"><p>This code system http://hl7.it/fhir/spesa-sanitaria/CodeSystem/documentoFiscale defines the following codes:</p><table class=\"codes\"><tr><td style=\"white-space:nowrap\"><b>Code</b></td><td><b>Display</b></td><td><b>Definition</b></td></tr><tr><td style=\"white-space:nowrap\">F<a name=\"documentoFiscale-F\"> </a></td><td>fattura</td><td>fattura</td></tr><tr><td style=\"white-space:nowrap\">D<a name=\"documentoFiscale-D\"> </a></td><td>documento commerciale</td><td>documento commerciale</td></tr><tr><td style=\"white-space:nowrap\">N<a name=\"documentoFiscale-N\"> </a></td><td>Nota di Credito</td><td>Nota di Credito</td></tr><tr><td style=\"white-space:nowrap\">TK<a name=\"documentoFiscale-TK\"> </a></td><td>Ticket</td><td>Ticket (Quota fissa e/o Differenza con il prezzo di riferimento. Franchigia. Pronto Soccorso e accesso diretto)</td></tr><tr><td style=\"white-space:nowrap\">FC<a name=\"documentoFiscale-FC\"> </a></td><td>Farmaci e Dispositivi medici CE</td><td>Farmaco, anche omeopatico. Dispositivi medici CE</td></tr><tr><td style=\"white-space:nowrap\">FV<a name=\"documentoFiscale-FV\"> </a></td><td>Farmaco per uso veterinario</td><td>Farmaco per uso veterinario</td></tr><tr><td style=\"white-space:nowrap\">AD<a name=\"documentoFiscale-AD\"> </a></td><td>Acquisto o affitto di dispositivo medico CE</td><td>Acquisto o affitto di dispositivo medico CE</td></tr><tr><td style=\"white-space:nowrap\">CT<a name=\"documentoFiscale-CT\"> </a></td><td>Cure Termali</td><td>Cure Termali</td></tr><tr><td style=\"white-space:nowrap\">PI<a name=\"documentoFiscale-PI\"> </a></td><td>Protesica e integrativa</td><td>protesica e integrativa</td></tr><tr><td style=\"white-space:nowrap\">IC<a name=\"documentoFiscale-IC\"> </a></td><td>Chirurgia e medicina estetica</td><td>Prestazioni di chirurgia estetica e di medicina estetica (ambulatoriale o ospedaliera)</td></tr><tr><td style=\"white-space:nowrap\">SP<a name=\"documentoFiscale-SP\"> </a></td><td>Prestazioni sanitarie</td><td>Prestazioni sanitarie</td></tr><tr><td style=\"white-space:nowrap\">SV<a name=\"documentoFiscale-SV\"> </a></td><td>Spese veterinarie</td><td>Spese veterinarie</td></tr><tr><td style=\"white-space:nowrap\">AA<a name=\"documentoFiscale-AA\"> </a></td><td>Altre spese</td><td>Altre spese</td></tr><tr><td style=\"white-space:nowrap\">SR<a name=\"documentoFiscale-SR\"> </a></td><td>Varie prestazioni sanitarie</td><td>prestazioni sanitarie: assistenza specialistica ambulatoriale esclusi interventi di chirurgia estetica; visita medica generica e specialistica o prestazioni diagnostiche estrumentali; prestazione chirurgica ad esclusione della chirurgia estetica;certificazione medica; ricoveri ospedalieri ricollegabili ad interventi chirurgici o adegenza, ad  esclusione della chirurgia estetica, al netto del comfort</td></tr><tr><td style=\"white-space:nowrap\">AS<a name=\"documentoFiscale-AS\"> </a></td><td>Farmacia dei servizi</td><td>Spese sanitarie relative ad ECG, spirometria, Holter pressorio e cardiaco, test per glicemia, colesterolo e trigliceridi o misurazione della pressione sanguigna, prestazione previste dalla farmacia dei servizi e simili sanguigna)</td></tr><tr><td style=\"white-space:nowrap\">aliquota-iva<a name=\"documentoFiscale-aliquota-iva\"> </a></td><td>Aliquota IVA</td><td>Aliquota IVA</td></tr><tr><td style=\"white-space:nowrap\">N1<a name=\"documentoFiscale-N1\"> </a></td><td>Escluse ex art. 15</td><td>Escluse ex art. 15</td></tr><tr><td style=\"white-space:nowrap\">N2.1<a name=\"documentoFiscale-N2.461\"> </a></td><td>Non soggette ad IVA ai sensi degli artt. da 7 a 7-septies del DPR 633/72</td><td>Non soggette ad IVA ai sensi degli artt. da 7 a 7-septies del DPR 633/72</td></tr><tr><td style=\"white-space:nowrap\">N2.2<a name=\"documentoFiscale-N2.462\"> </a></td><td>Non soggette – altri casi</td><td>Non soggette – altri casi</td></tr><tr><td style=\"white-space:nowrap\">N3.1<a name=\"documentoFiscale-N3.461\"> </a></td><td>Non imponibili – esportazioni</td><td>Non imponibili – esportazioni</td></tr><tr><td style=\"white-space:nowrap\">N3.2<a name=\"documentoFiscale-N3.462\"> </a></td><td>Non imponibili – cessioni intracomunitarie</td><td>Non imponibili – cessioni intracomunitarie</td></tr><tr><td style=\"white-space:nowrap\">N3.3<a name=\"documentoFiscale-N3.463\"> </a></td><td>Non imponibili – cessioni verso San Marino</td><td>Non imponibili – cessioni verso San Marino</td></tr><tr><td style=\"white-space:nowrap\">N3.4<a name=\"documentoFiscale-N3.464\"> </a></td><td>Non imponibili – operazioni assimilate alle cessioni all’esportazione</td><td>Non imponibili – operazioni assimilate alle cessioni all’esportazione</td></tr><tr><td style=\"white-space:nowrap\">N3.5<a name=\"documentoFiscale-N3.465\"> </a></td><td>Non imponibili – a seguito di dichiarazioni d’intento</td><td>Non imponibili – a seguito di dichiarazioni d’intento</td></tr><tr><td style=\"white-space:nowrap\">N3.6<a name=\"documentoFiscale-N3.466\"> </a></td><td>Non imponibili – altre operazioni che non concorrono alla formazione del plafond</td><td>Non imponibili – altre operazioni che non concorrono alla formazione del plafond</td></tr><tr><td style=\"white-space:nowrap\">N4<a name=\"documentoFiscale-N4\"> </a></td><td>Esenti</td><td>Esenti</td></tr><tr><td style=\"white-space:nowrap\">N5<a name=\"documentoFiscale-N5\"> </a></td><td>Regime del margine / IVA non esposta in fattura</td><td>Regime del margine / IVA non esposta in fattura</td></tr><tr><td style=\"white-space:nowrap\">N6.1<a name=\"documentoFiscale-N6.461\"> </a></td><td>Inversione contabile – cessione di rottami e altri materiali di recupero</td><td>Inversione contabile – cessione di rottami e altri materiali di recupero</td></tr><tr><td style=\"white-space:nowrap\">N6.2<a name=\"documentoFiscale-N6.462\"> </a></td><td>Inversione contabile – cessione di oro e argento puro</td><td>Inversione contabile – cessione di oro e argento puro</td></tr><tr><td style=\"white-space:nowrap\">N6.3<a name=\"documentoFiscale-N6.463\"> </a></td><td>Inversione contabile – subappalto nel settore edile</td><td>Inversione contabile – subappalto nel settore edile</td></tr><tr><td style=\"white-space:nowrap\">N6.4<a name=\"documentoFiscale-N6.464\"> </a></td><td>Inversione contabile – cessione di fabbricati</td><td>Inversione contabile – cessione di fabbricati</td></tr><tr><td style=\"white-space:nowrap\">N6.5<a name=\"documentoFiscale-N6.465\"> </a></td><td>Inversione contabile – cessione di telefoni cellulari</td><td>Inversione contabile – cessione di telefoni cellulari</td></tr><tr><td style=\"white-space:nowrap\">N6.6<a name=\"documentoFiscale-N6.466\"> </a></td><td>Inversione contabile – cessione di prodotti elettronici</td><td>Inversione contabile – cessione di prodotti elettronici</td></tr><tr><td style=\"white-space:nowrap\">N6.7<a name=\"documentoFiscale-N6.467\"> </a></td><td>Inversione contabile – prestazioni comparto edile e settori connessi</td><td>Inversione contabile – prestazioni comparto edile e settori connessi</td></tr><tr><td style=\"white-space:nowrap\">N6.8<a name=\"documentoFiscale-N6.468\"> </a></td><td>Inversione contabile – operazioni settore energetico</td><td>Inversione contabile – operazioni settore energetico</td></tr><tr><td style=\"white-space:nowrap\">N6.9<a name=\"documentoFiscale-N6.469\"> </a></td><td>Inversione contabile – altri casi</td><td>Inversione contabile – altri casi</td></tr><tr><td style=\"white-space:nowrap\">N7<a name=\"documentoFiscale-N7\"> </a></td><td>IVA assolta in altro stato UE</td><td>IVA assolta in altro stato UE (vendite a distanza ex art. 40 c. 3 e 4 e art. 41 c. 1 lett. b,  DL 331/93; prestazione di servizi di telecomunicazioni, tele-radiodiffusione ed elettronici ex art. 7-sexies lett. f, g, art. 74- sexies DPR 633/72).</td></tr></table></div>"
  },
  "url": "http://hl7.it/fhir/spesa-sanitaria/CodeSystem/documentoFiscale",
  "version": "0.1.0",
  "name": "CsDocumentoFiscaleSTS",
  "title": "Internal Code System",
  "status": "active",
  "date": "2021-10-26T14:59:11+00:00",
  "contact": [
    {
      "name": "HL7 Italia",
      "telecom": [
        {
          "system": "url",
          "value": "https://hl7.it/"
        }
      ]
    }
  ],
  "description": "Documento Fiscale (STS) FHIR IG Internal Code System",
  "jurisdiction": [
    {
      "coding": [
        {
          "system": "urn:iso:std:iso:3166",
          "code": "IT",
          "display": "Italy"
        }
      ]
    }
  ],
  "content": "complete",
  "count": 37,
  "concept": [
    {
      "code": "F",
      "display": "fattura",
      "definition": "fattura"
    },
    {
      "code": "D",
      "display": "documento commerciale",
      "definition": "documento commerciale"
    },
    {
      "code": "N",
      "display": "Nota di Credito",
      "definition": "Nota di Credito"
    },
    {
      "code": "TK",
      "display": "Ticket",
      "definition": "Ticket (Quota fissa e/o Differenza con il prezzo di riferimento. Franchigia. Pronto Soccorso e accesso diretto)"
    },
    {
      "code": "FC",
      "display": "Farmaci e Dispositivi medici CE",
      "definition": "Farmaco, anche omeopatico. Dispositivi medici CE"
    },
    {
      "code": "FV",
      "display": "Farmaco per uso veterinario",
      "definition": "Farmaco per uso veterinario"
    },
    {
      "code": "AD",
      "display": "Acquisto o affitto di dispositivo medico CE",
      "definition": "Acquisto o affitto di dispositivo medico CE"
    },
    {
      "code": "CT",
      "display": "Cure Termali",
      "definition": "Cure Termali"
    },
    {
      "code": "PI",
      "display": "Protesica e integrativa",
      "definition": "protesica e integrativa"
    },
    {
      "code": "IC",
      "display": "Chirurgia e medicina estetica",
      "definition": "Prestazioni di chirurgia estetica e di medicina estetica (ambulatoriale o ospedaliera)"
    },
    {
      "code": "SP",
      "display": "Prestazioni sanitarie",
      "definition": "Prestazioni sanitarie"
    },
    {
      "code": "SV",
      "display": "Spese veterinarie",
      "definition": "Spese veterinarie"
    },
    {
      "code": "AA",
      "display": "Altre spese",
      "definition": "Altre spese"
    },
    {
      "code": "SR",
      "display": "Varie prestazioni sanitarie",
      "definition": "prestazioni sanitarie: assistenza specialistica ambulatoriale esclusi interventi di chirurgia estetica; visita medica generica e specialistica o prestazioni diagnostiche estrumentali; prestazione chirurgica ad esclusione della chirurgia estetica;certificazione medica; ricoveri ospedalieri ricollegabili ad interventi chirurgici o adegenza, ad  esclusione della chirurgia estetica, al netto del comfort"
    },
    {
      "code": "AS",
      "display": "Farmacia dei servizi",
      "definition": "Spese sanitarie relative ad ECG, spirometria, Holter pressorio e cardiaco, test per glicemia, colesterolo e trigliceridi o misurazione della pressione sanguigna, prestazione previste dalla farmacia dei servizi e simili sanguigna)"
    },
    {
      "code": "aliquota-iva",
      "display": "Aliquota IVA",
      "definition": "Aliquota IVA"
    },
    {
      "code": "N1",
      "display": "Escluse ex art. 15",
      "definition": "Escluse ex art. 15"
    },
    {
      "code": "N2.1",
      "display": "Non soggette ad IVA ai sensi degli artt. da 7 a 7-septies del DPR 633/72",
      "definition": "Non soggette ad IVA ai sensi degli artt. da 7 a 7-septies del DPR 633/72"
    },
    {
      "code": "N2.2",
      "display": "Non soggette – altri casi",
      "definition": "Non soggette – altri casi"
    },
    {
      "code": "N3.1",
      "display": "Non imponibili – esportazioni",
      "definition": "Non imponibili – esportazioni"
    },
    {
      "code": "N3.2",
      "display": "Non imponibili – cessioni intracomunitarie",
      "definition": "Non imponibili – cessioni intracomunitarie"
    },
    {
      "code": "N3.3",
      "display": "Non imponibili – cessioni verso San Marino",
      "definition": "Non imponibili – cessioni verso San Marino"
    },
    {
      "code": "N3.4",
      "display": "Non imponibili – operazioni assimilate alle cessioni all’esportazione",
      "definition": "Non imponibili – operazioni assimilate alle cessioni all’esportazione"
    },
    {
      "code": "N3.5",
      "display": "Non imponibili – a seguito di dichiarazioni d’intento",
      "definition": "Non imponibili – a seguito di dichiarazioni d’intento"
    },
    {
      "code": "N3.6",
      "display": "Non imponibili – altre operazioni che non concorrono alla formazione del plafond",
      "definition": "Non imponibili – altre operazioni che non concorrono alla formazione del plafond"
    },
    {
      "code": "N4",
      "display": "Esenti",
      "definition": "Esenti"
    },
    {
      "code": "N5",
      "display": "Regime del margine / IVA non esposta in fattura",
      "definition": "Regime del margine / IVA non esposta in fattura"
    },
    {
      "code": "N6.1",
      "display": "Inversione contabile – cessione di rottami e altri materiali di recupero",
      "definition": "Inversione contabile – cessione di rottami e altri materiali di recupero"
    },
    {
      "code": "N6.2",
      "display": "Inversione contabile – cessione di oro e argento puro",
      "definition": "Inversione contabile – cessione di oro e argento puro"
    },
    {
      "code": "N6.3",
      "display": "Inversione contabile – subappalto nel settore edile",
      "definition": "Inversione contabile – subappalto nel settore edile"
    },
    {
      "code": "N6.4",
      "display": "Inversione contabile – cessione di fabbricati",
      "definition": "Inversione contabile – cessione di fabbricati"
    },
    {
      "code": "N6.5",
      "display": "Inversione contabile – cessione di telefoni cellulari",
      "definition": "Inversione contabile – cessione di telefoni cellulari"
    },
    {
      "code": "N6.6",
      "display": "Inversione contabile – cessione di prodotti elettronici",
      "definition": "Inversione contabile – cessione di prodotti elettronici"
    },
    {
      "code": "N6.7",
      "display": "Inversione contabile – prestazioni comparto edile e settori connessi",
      "definition": "Inversione contabile – prestazioni comparto edile e settori connessi"
    },
    {
      "code": "N6.8",
      "display": "Inversione contabile – operazioni settore energetico",
      "definition": "Inversione contabile – operazioni settore energetico"
    },
    {
      "code": "N6.9",
      "display": "Inversione contabile – altri casi",
      "definition": "Inversione contabile – altri casi"
    },
    {
      "code": "N7",
      "display": "IVA assolta in altro stato UE",
      "definition": "IVA assolta in altro stato UE (vendite a distanza ex art. 40 c. 3 e 4 e art. 41 c. 1 lett. b,  DL 331/93; prestazione di servizi di telecomunicazioni, tele-radiodiffusione ed elettronici ex art. 7-sexies lett. f, g, art. 74- sexies DPR 633/72)."
    }
  ]
}