{
  "resourceType" : "Bundle",
  "id" : "d3eb4907-d551-492f-aed7-681b2fe38050",
  "meta" : {
    "lastUpdated" : "2021-10-25T21:40:26.167+00:00"
  },
  "type" : "collection",
  "entry" : [{
    "fullUrl" : "http://hl7.it/fhir/spesaSanitaria/ValueSet/ValueSet-priceComponentCode-it-spesaSanitaria",
    "resource" : {
      "resourceType" : "ValueSet",
      "id" : "ValueSet-priceComponentCode-it-spesaSanitaria",
      "text" : {
        "status" : "generated",
        "div" : "<div xmlns=\"http://www.w3.org/1999/xhtml\"><p>This value set contains 1 concepts</p><p style=\"border: black 1px dotted; background-color: #EEEEEE; padding: 8px; margin-bottom: 8px\">Expansion based on <a href=\"CodeSystem-documentoFiscale.html\">Internal Code System v0.1.0 (CodeSystem)</a></p><p>All codes in this table are from the system <a href=\"CodeSystem-documentoFiscale.html\"><code>http://hl7.it/fhir/spesaSanitaria/CodeSystem/documentoFiscale</code></a></p><table class=\"codes\"><tr><td style=\"white-space:nowrap\"><b>Code</b></td><td><b>Display</b></td><td><b>Definition</b></td></tr><tr><td style=\"white-space:nowrap\"><a name=\"http---hl7.it-fhir-spesaSanitaria-CodeSystem-documentoFiscale-aliquota-iva\"> </a><a href=\"CodeSystem-documentoFiscale.html#documentoFiscale-aliquota-iva\">aliquota-iva</a></td><td>Aliquota IVA</td><td>Aliquota IVA</td></tr></table></div>"
      },
      "url" : "http://hl7.it/fhir/spesaSanitaria/ValueSet/ValueSet-priceComponentCode-it-spesaSanitaria",
      "version" : "0.1.0",
      "name" : "VsPriceComponentCodeSTS",
      "title" : "Tipo di componente",
      "status" : "active",
      "date" : "2021-10-25T21:40:26+00:00",
      "description" : "Tipo di componente del prezzo: e.g. IVA ",
      "jurisdiction" : [{
        "coding" : [{
          "system" : "urn:iso:std:iso:3166",
          "code" : "IT",
          "display" : "Italy"
        }]
      }],
      "expansion" : {
        "identifier" : "urn:uuid:62f53785-c362-43a4-b969-3196cb7dc517",
        "timestamp" : "2021-10-25T21:40:38+00:00",
        "total" : 1,
        "parameter" : [{
          "name" : "excludeNested",
          "valueBoolean" : false
        },
        {
          "name" : "version",
          "valueUri" : "http://hl7.it/fhir/spesaSanitaria/CodeSystem/documentoFiscale|0.1.0"
        }],
        "contains" : [{
          "system" : "http://hl7.it/fhir/spesaSanitaria/CodeSystem/documentoFiscale",
          "code" : "aliquota-iva",
          "display" : "Aliquota IVA"
        }]
      }
    }
  },
  {
    "fullUrl" : "http://hl7.it/fhir/spesaSanitaria/ValueSet/ValueSet-lineItemType-it-spesaSanitaria",
    "resource" : {
      "resourceType" : "ValueSet",
      "id" : "ValueSet-lineItemType-it-spesaSanitaria",
      "text" : {
        "status" : "generated",
        "div" : "<div xmlns=\"http://www.w3.org/1999/xhtml\"><p>This value set contains 12 concepts</p><p style=\"border: black 1px dotted; background-color: #EEEEEE; padding: 8px; margin-bottom: 8px\">Expansion based on <a href=\"CodeSystem-documentoFiscale.html\">Internal Code System v0.1.0 (CodeSystem)</a></p><p>All codes in this table are from the system <a href=\"CodeSystem-documentoFiscale.html\"><code>http://hl7.it/fhir/spesaSanitaria/CodeSystem/documentoFiscale</code></a></p><table class=\"codes\"><tr><td style=\"white-space:nowrap\"><b>Code</b></td><td><b>Display</b></td><td><b>Definition</b></td></tr><tr><td style=\"white-space:nowrap\"><a name=\"http---hl7.it-fhir-spesaSanitaria-CodeSystem-documentoFiscale-TK\"> </a><a href=\"CodeSystem-documentoFiscale.html#documentoFiscale-TK\">TK</a></td><td>Ticket</td><td>Ticket (Quota fissa e/o Differenza con il prezzo di riferimento. Franchigia. Pronto Soccorso e accesso diretto)</td></tr><tr><td style=\"white-space:nowrap\"><a name=\"http---hl7.it-fhir-spesaSanitaria-CodeSystem-documentoFiscale-FC\"> </a><a href=\"CodeSystem-documentoFiscale.html#documentoFiscale-FC\">FC</a></td><td>Farmaci e Dispositivi medici CE</td><td>Farmaco, anche omeopatico. Dispositivi medici CE</td></tr><tr><td style=\"white-space:nowrap\"><a name=\"http---hl7.it-fhir-spesaSanitaria-CodeSystem-documentoFiscale-FV\"> </a><a href=\"CodeSystem-documentoFiscale.html#documentoFiscale-FV\">FV</a></td><td>Farmaco per uso veterinario</td><td>Farmaco per uso veterinario</td></tr><tr><td style=\"white-space:nowrap\"><a name=\"http---hl7.it-fhir-spesaSanitaria-CodeSystem-documentoFiscale-AD\"> </a><a href=\"CodeSystem-documentoFiscale.html#documentoFiscale-AD\">AD</a></td><td>Acquisto o affitto di dispositivo medico CE</td><td>Acquisto o affitto di dispositivo medico CE</td></tr><tr><td style=\"white-space:nowrap\"><a name=\"http---hl7.it-fhir-spesaSanitaria-CodeSystem-documentoFiscale-CT\"> </a><a href=\"CodeSystem-documentoFiscale.html#documentoFiscale-CT\">CT</a></td><td>Cure Termali</td><td>Cure Termali</td></tr><tr><td style=\"white-space:nowrap\"><a name=\"http---hl7.it-fhir-spesaSanitaria-CodeSystem-documentoFiscale-PI\"> </a><a href=\"CodeSystem-documentoFiscale.html#documentoFiscale-PI\">PI</a></td><td>Protesica e integrativa</td><td>protesica e integrativa</td></tr><tr><td style=\"white-space:nowrap\"><a name=\"http---hl7.it-fhir-spesaSanitaria-CodeSystem-documentoFiscale-IC\"> </a><a href=\"CodeSystem-documentoFiscale.html#documentoFiscale-IC\">IC</a></td><td>Chirurgia e medicina estetica</td><td>Prestazioni di chirurgia estetica e di medicina estetica (ambulatoriale o ospedaliera)</td></tr><tr><td style=\"white-space:nowrap\"><a name=\"http---hl7.it-fhir-spesaSanitaria-CodeSystem-documentoFiscale-SP\"> </a><a href=\"CodeSystem-documentoFiscale.html#documentoFiscale-SP\">SP</a></td><td>Prestazioni sanitarie</td><td>Prestazioni sanitarie</td></tr><tr><td style=\"white-space:nowrap\"><a name=\"http---hl7.it-fhir-spesaSanitaria-CodeSystem-documentoFiscale-SV\"> </a><a href=\"CodeSystem-documentoFiscale.html#documentoFiscale-SV\">SV</a></td><td>Spese veterinarie</td><td>Spese veterinarie</td></tr><tr><td style=\"white-space:nowrap\"><a name=\"http---hl7.it-fhir-spesaSanitaria-CodeSystem-documentoFiscale-AA\"> </a><a href=\"CodeSystem-documentoFiscale.html#documentoFiscale-AA\">AA</a></td><td>Altre spese</td><td>Altre spese</td></tr><tr><td style=\"white-space:nowrap\"><a name=\"http---hl7.it-fhir-spesaSanitaria-CodeSystem-documentoFiscale-SR\"> </a><a href=\"CodeSystem-documentoFiscale.html#documentoFiscale-SR\">SR</a></td><td>Varie prestazioni sanitarie</td><td>prestazioni sanitarie: assistenza specialistica ambulatoriale esclusi interventi di chirurgia estetica; visita medica generica e specialistica o prestazioni diagnostiche estrumentali; prestazione chirurgica ad esclusione della chirurgia estetica;certificazione medica; ricoveri ospedalieri ricollegabili ad interventi chirurgici o adegenza, ad  esclusione della chirurgia estetica, al netto del comfort</td></tr><tr><td style=\"white-space:nowrap\"><a name=\"http---hl7.it-fhir-spesaSanitaria-CodeSystem-documentoFiscale-AS\"> </a><a href=\"CodeSystem-documentoFiscale.html#documentoFiscale-AS\">AS</a></td><td>Farmacia dei servizi</td><td>Spese sanitarie relative ad ECG, spirometria, Holter pressorio e cardiaco, test per glicemia, colesterolo e trigliceridi o misurazione della pressione sanguigna, prestazione previste dalla farmacia dei servizi e simili sanguigna)</td></tr></table></div>"
      },
      "url" : "http://hl7.it/fhir/spesaSanitaria/ValueSet/ValueSet-lineItemType-it-spesaSanitaria",
      "version" : "0.1.0",
      "name" : "VsLineItemTypeSTS",
      "title" : "Tipo di voce di spesa",
      "status" : "active",
      "date" : "2021-10-25T21:40:26+00:00",
      "description" : "Tipo di voce di spesa",
      "jurisdiction" : [{
        "coding" : [{
          "system" : "urn:iso:std:iso:3166",
          "code" : "IT",
          "display" : "Italy"
        }]
      }],
      "expansion" : {
        "identifier" : "urn:uuid:2c0a8cd8-a299-4625-806d-5dc9fba6dbb1",
        "timestamp" : "2021-10-25T21:40:39+00:00",
        "total" : 12,
        "parameter" : [{
          "name" : "excludeNested",
          "valueBoolean" : false
        },
        {
          "name" : "version",
          "valueUri" : "http://hl7.it/fhir/spesaSanitaria/CodeSystem/documentoFiscale|0.1.0"
        }],
        "contains" : [{
          "system" : "http://hl7.it/fhir/spesaSanitaria/CodeSystem/documentoFiscale",
          "code" : "TK",
          "display" : "Ticket"
        },
        {
          "system" : "http://hl7.it/fhir/spesaSanitaria/CodeSystem/documentoFiscale",
          "code" : "FC",
          "display" : "Farmaci e Dispositivi medici CE"
        },
        {
          "system" : "http://hl7.it/fhir/spesaSanitaria/CodeSystem/documentoFiscale",
          "code" : "FV",
          "display" : "Farmaco per uso veterinario"
        },
        {
          "system" : "http://hl7.it/fhir/spesaSanitaria/CodeSystem/documentoFiscale",
          "code" : "AD",
          "display" : "Acquisto o affitto di dispositivo medico CE"
        },
        {
          "system" : "http://hl7.it/fhir/spesaSanitaria/CodeSystem/documentoFiscale",
          "code" : "CT",
          "display" : "Cure Termali"
        },
        {
          "system" : "http://hl7.it/fhir/spesaSanitaria/CodeSystem/documentoFiscale",
          "code" : "PI",
          "display" : "Protesica e integrativa"
        },
        {
          "system" : "http://hl7.it/fhir/spesaSanitaria/CodeSystem/documentoFiscale",
          "code" : "IC",
          "display" : "Chirurgia e medicina estetica"
        },
        {
          "system" : "http://hl7.it/fhir/spesaSanitaria/CodeSystem/documentoFiscale",
          "code" : "SP",
          "display" : "Prestazioni sanitarie"
        },
        {
          "system" : "http://hl7.it/fhir/spesaSanitaria/CodeSystem/documentoFiscale",
          "code" : "SV",
          "display" : "Spese veterinarie"
        },
        {
          "system" : "http://hl7.it/fhir/spesaSanitaria/CodeSystem/documentoFiscale",
          "code" : "AA",
          "display" : "Altre spese"
        },
        {
          "system" : "http://hl7.it/fhir/spesaSanitaria/CodeSystem/documentoFiscale",
          "code" : "SR",
          "display" : "Varie prestazioni sanitarie"
        },
        {
          "system" : "http://hl7.it/fhir/spesaSanitaria/CodeSystem/documentoFiscale",
          "code" : "AS",
          "display" : "Farmacia dei servizi"
        }]
      }
    }
  },
  {
    "fullUrl" : "http://hl7.it/fhir/spesaSanitaria/ValueSet/ValueSet-invoiceType-it-spesaSanitaria",
    "resource" : {
      "resourceType" : "ValueSet",
      "id" : "ValueSet-invoiceType-it-spesaSanitaria",
      "text" : {
        "status" : "generated",
        "div" : "<div xmlns=\"http://www.w3.org/1999/xhtml\"><p>This value set contains 2 concepts</p><p style=\"border: black 1px dotted; background-color: #EEEEEE; padding: 8px; margin-bottom: 8px\">Expansion based on <a href=\"CodeSystem-documentoFiscale.html\">Internal Code System v0.1.0 (CodeSystem)</a></p><p>All codes in this table are from the system <a href=\"CodeSystem-documentoFiscale.html\"><code>http://hl7.it/fhir/spesaSanitaria/CodeSystem/documentoFiscale</code></a></p><table class=\"codes\"><tr><td style=\"white-space:nowrap\"><b>Code</b></td><td><b>Display</b></td><td><b>Definition</b></td></tr><tr><td style=\"white-space:nowrap\"><a name=\"http---hl7.it-fhir-spesaSanitaria-CodeSystem-documentoFiscale-F\"> </a><a href=\"CodeSystem-documentoFiscale.html#documentoFiscale-F\">F</a></td><td>fattura</td><td>fattura</td></tr><tr><td style=\"white-space:nowrap\"><a name=\"http---hl7.it-fhir-spesaSanitaria-CodeSystem-documentoFiscale-D\"> </a><a href=\"CodeSystem-documentoFiscale.html#documentoFiscale-D\">D</a></td><td>documento commerciale</td><td>documento commerciale</td></tr></table></div>"
      },
      "url" : "http://hl7.it/fhir/spesaSanitaria/ValueSet/ValueSet-invoiceType-it-spesaSanitaria",
      "version" : "0.1.0",
      "name" : "VsInvoiceTypeSTS",
      "title" : "Tipo di documento",
      "status" : "active",
      "date" : "2021-10-25T21:40:26+00:00",
      "description" : "Tipologia del documento attestante il pagamento della prestazione o del bene sanitario assume valore: F (fattura) D (documento commerciale)",
      "jurisdiction" : [{
        "coding" : [{
          "system" : "urn:iso:std:iso:3166",
          "code" : "IT",
          "display" : "Italy"
        }]
      }],
      "expansion" : {
        "identifier" : "urn:uuid:79513a6b-d433-40da-bbf7-1cc8cb78ce49",
        "timestamp" : "2021-10-25T21:40:39+00:00",
        "total" : 2,
        "parameter" : [{
          "name" : "excludeNested",
          "valueBoolean" : false
        },
        {
          "name" : "version",
          "valueUri" : "http://hl7.it/fhir/spesaSanitaria/CodeSystem/documentoFiscale|0.1.0"
        }],
        "contains" : [{
          "system" : "http://hl7.it/fhir/spesaSanitaria/CodeSystem/documentoFiscale",
          "code" : "F",
          "display" : "fattura"
        },
        {
          "system" : "http://hl7.it/fhir/spesaSanitaria/CodeSystem/documentoFiscale",
          "code" : "D",
          "display" : "documento commerciale"
        }]
      }
    }
  }]
}