<?xml version="1.0" encoding="UTF-8"?>

<Bundle xmlns="http://hl7.org/fhir">
  <id value="ce3a6389-3bdd-4f40-8ee4-9a3aa2c72f07"/>
  <meta>
    <lastUpdated value="2021-10-26T14:59:11.190+00:00"/>
  </meta>
  <type value="collection"/>
  <entry>
    <fullUrl value="http://hl7.it/fhir/spesa-sanitaria/ValueSet/ValueSet-priceComponentCode-it-spesaSanitaria"/>
    <resource>
      <ValueSet>
        <id value="ValueSet-priceComponentCode-it-spesaSanitaria"/>
        <text>
          <status value="generated"/>
          <div xmlns="http://www.w3.org/1999/xhtml">
            <p>This value set contains 1 concepts</p>
            <p style="border: black 1px dotted; background-color: #EEEEEE; padding: 8px; margin-bottom: 8px">Expansion based on 
              <a href="CodeSystem-documentoFiscale.html">Internal Code System v0.1.0 (CodeSystem)</a>
            </p>
            <p>All codes in this table are from the system 
              <a href="CodeSystem-documentoFiscale.html">
                <code>http://hl7.it/fhir/spesa-sanitaria/CodeSystem/documentoFiscale</code>
              </a>
            </p>
            <table class="codes">
              <tr>
                <td style="white-space:nowrap">
                  <b>Code</b>
                </td>
                <td>
                  <b>Display</b>
                </td>
                <td>
                  <b>Definition</b>
                </td>
              </tr>
              <tr>
                <td style="white-space:nowrap">
                  <a name="http---hl7.it-fhir-spesa-sanitaria-CodeSystem-documentoFiscale-aliquota-iva"> </a>
                  <a href="CodeSystem-documentoFiscale.html#documentoFiscale-aliquota-iva">aliquota-iva</a>
                </td>
                <td>Aliquota IVA</td>
                <td>Aliquota IVA</td>
              </tr>
            </table>
          </div>
        </text>
        <url value="http://hl7.it/fhir/spesa-sanitaria/ValueSet/ValueSet-priceComponentCode-it-spesaSanitaria"/>
        <version value="0.1.0"/>
        <name value="VsPriceComponentCodeSTS"/>
        <title value="Tipo di componente"/>
        <status value="active"/>
        <date value="2021-10-26T14:59:11+00:00"/>
        <contact>
          <name value="HL7 Italia"/>
          <telecom>
            <system value="url"/>
            <value value="https://hl7.it/"/>
          </telecom>
        </contact>
        <description value="Tipo di componente del prezzo: e.g. IVA "/>
        <jurisdiction>
          <coding>
            <system value="urn:iso:std:iso:3166"/>
            <code value="IT"/>
            <display value="Italy"/>
          </coding>
        </jurisdiction>
        <expansion>
          <identifier value="urn:uuid:95022cb6-2d43-4b22-9ac1-342cf1406096"/>
          <timestamp value="2021-10-26T14:59:26+00:00"/>
          <total value="1"/>
          <parameter>
            <name value="excludeNested"/>
            <valueBoolean value="false"/>
          </parameter>
          <parameter>
            <name value="version"/>
            <valueUri value="http://hl7.it/fhir/spesa-sanitaria/CodeSystem/documentoFiscale|0.1.0"/>
          </parameter>
          <contains>
            <system value="http://hl7.it/fhir/spesa-sanitaria/CodeSystem/documentoFiscale"/>
            <code value="aliquota-iva"/>
            <display value="Aliquota IVA"/>
          </contains>
        </expansion>
      </ValueSet>
    </resource>
  </entry>
  <entry>
    <fullUrl value="http://hl7.it/fhir/spesa-sanitaria/ValueSet/ValueSet-priceComponentCode-it-spesaSanitaria"/>
    <resource>
      <ValueSet>
        <id value="ValueSet-priceComponentCode-it-spesaSanitaria"/>
        <text>
          <status value="generated"/>
          <div xmlns="http://www.w3.org/1999/xhtml">
            <p>This value set contains 1 concepts</p>
            <p style="border: black 1px dotted; background-color: #EEEEEE; padding: 8px; margin-bottom: 8px">Expansion based on 
              <a href="CodeSystem-documentoFiscale.html">Internal Code System v0.1.0 (CodeSystem)</a>
            </p>
            <p>All codes in this table are from the system 
              <a href="CodeSystem-documentoFiscale.html">
                <code>http://hl7.it/fhir/spesa-sanitaria/CodeSystem/documentoFiscale</code>
              </a>
            </p>
            <table class="codes">
              <tr>
                <td style="white-space:nowrap">
                  <b>Code</b>
                </td>
                <td>
                  <b>Display</b>
                </td>
                <td>
                  <b>Definition</b>
                </td>
              </tr>
              <tr>
                <td style="white-space:nowrap">
                  <a name="http---hl7.it-fhir-spesa-sanitaria-CodeSystem-documentoFiscale-aliquota-iva"> </a>
                  <a href="CodeSystem-documentoFiscale.html#documentoFiscale-aliquota-iva">aliquota-iva</a>
                </td>
                <td>Aliquota IVA</td>
                <td>Aliquota IVA</td>
              </tr>
            </table>
          </div>
        </text>
        <url value="http://hl7.it/fhir/spesa-sanitaria/ValueSet/ValueSet-priceComponentCode-it-spesaSanitaria"/>
        <version value="0.1.0"/>
        <name value="VsPriceComponentCodeSTS"/>
        <title value="Tipo di componente"/>
        <status value="active"/>
        <date value="2021-10-26T14:59:11+00:00"/>
        <contact>
          <name value="HL7 Italia"/>
          <telecom>
            <system value="url"/>
            <value value="https://hl7.it/"/>
          </telecom>
        </contact>
        <description value="Tipo di componente del prezzo: e.g. IVA "/>
        <jurisdiction>
          <coding>
            <system value="urn:iso:std:iso:3166"/>
            <code value="IT"/>
            <display value="Italy"/>
          </coding>
        </jurisdiction>
        <expansion>
          <identifier value="urn:uuid:95022cb6-2d43-4b22-9ac1-342cf1406096"/>
          <timestamp value="2021-10-26T14:59:26+00:00"/>
          <total value="1"/>
          <parameter>
            <name value="excludeNested"/>
            <valueBoolean value="false"/>
          </parameter>
          <parameter>
            <name value="version"/>
            <valueUri value="http://hl7.it/fhir/spesa-sanitaria/CodeSystem/documentoFiscale|0.1.0"/>
          </parameter>
          <contains>
            <system value="http://hl7.it/fhir/spesa-sanitaria/CodeSystem/documentoFiscale"/>
            <code value="aliquota-iva"/>
            <display value="Aliquota IVA"/>
          </contains>
        </expansion>
      </ValueSet>
    </resource>
  </entry>
  <entry>
    <fullUrl value="http://hl7.it/fhir/spesa-sanitaria/ValueSet/ValueSet-esclusioneIva-it-spesaSanitaria"/>
    <resource>
      <ValueSet>
        <id value="ValueSet-esclusioneIva-it-spesaSanitaria"/>
        <text>
          <status value="generated"/>
          <div xmlns="http://www.w3.org/1999/xhtml">
            <p>This value set contains 21 concepts</p>
            <p style="border: black 1px dotted; background-color: #EEEEEE; padding: 8px; margin-bottom: 8px">Expansion based on 
              <a href="CodeSystem-documentoFiscale.html">Internal Code System v0.1.0 (CodeSystem)</a>
            </p>
            <p>All codes in this table are from the system 
              <a href="CodeSystem-documentoFiscale.html">
                <code>http://hl7.it/fhir/spesa-sanitaria/CodeSystem/documentoFiscale</code>
              </a>
            </p>
            <table class="codes">
              <tr>
                <td style="white-space:nowrap">
                  <b>Code</b>
                </td>
                <td>
                  <b>Display</b>
                </td>
                <td>
                  <b>Definition</b>
                </td>
              </tr>
              <tr>
                <td style="white-space:nowrap">
                  <a name="http---hl7.it-fhir-spesa-sanitaria-CodeSystem-documentoFiscale-N1"> </a>
                  <a href="CodeSystem-documentoFiscale.html#documentoFiscale-N1">N1</a>
                </td>
                <td>Escluse ex art. 15</td>
                <td>Escluse ex art. 15</td>
              </tr>
              <tr>
                <td style="white-space:nowrap">
                  <a name="http---hl7.it-fhir-spesa-sanitaria-CodeSystem-documentoFiscale-N2.1"> </a>
                  <a href="CodeSystem-documentoFiscale.html#documentoFiscale-N2.461">N2.1</a>
                </td>
                <td>Non soggette ad IVA ai sensi degli artt. da 7 a 7-septies del DPR 633/72</td>
                <td>Non soggette ad IVA ai sensi degli artt. da 7 a 7-septies del DPR 633/72</td>
              </tr>
              <tr>
                <td style="white-space:nowrap">
                  <a name="http---hl7.it-fhir-spesa-sanitaria-CodeSystem-documentoFiscale-N2.2"> </a>
                  <a href="CodeSystem-documentoFiscale.html#documentoFiscale-N2.462">N2.2</a>
                </td>
                <td>Non soggette – altri casi</td>
                <td>Non soggette – altri casi</td>
              </tr>
              <tr>
                <td style="white-space:nowrap">
                  <a name="http---hl7.it-fhir-spesa-sanitaria-CodeSystem-documentoFiscale-N3.1"> </a>
                  <a href="CodeSystem-documentoFiscale.html#documentoFiscale-N3.461">N3.1</a>
                </td>
                <td>Non imponibili – esportazioni</td>
                <td>Non imponibili – esportazioni</td>
              </tr>
              <tr>
                <td style="white-space:nowrap">
                  <a name="http---hl7.it-fhir-spesa-sanitaria-CodeSystem-documentoFiscale-N3.2"> </a>
                  <a href="CodeSystem-documentoFiscale.html#documentoFiscale-N3.462">N3.2</a>
                </td>
                <td>Non imponibili – cessioni intracomunitarie</td>
                <td>Non imponibili – cessioni intracomunitarie</td>
              </tr>
              <tr>
                <td style="white-space:nowrap">
                  <a name="http---hl7.it-fhir-spesa-sanitaria-CodeSystem-documentoFiscale-N3.3"> </a>
                  <a href="CodeSystem-documentoFiscale.html#documentoFiscale-N3.463">N3.3</a>
                </td>
                <td>Non imponibili – cessioni verso San Marino</td>
                <td>Non imponibili – cessioni verso San Marino</td>
              </tr>
              <tr>
                <td style="white-space:nowrap">
                  <a name="http---hl7.it-fhir-spesa-sanitaria-CodeSystem-documentoFiscale-N3.4"> </a>
                  <a href="CodeSystem-documentoFiscale.html#documentoFiscale-N3.464">N3.4</a>
                </td>
                <td>Non imponibili – operazioni assimilate alle cessioni all’esportazione</td>
                <td>Non imponibili – operazioni assimilate alle cessioni all’esportazione</td>
              </tr>
              <tr>
                <td style="white-space:nowrap">
                  <a name="http---hl7.it-fhir-spesa-sanitaria-CodeSystem-documentoFiscale-N3.5"> </a>
                  <a href="CodeSystem-documentoFiscale.html#documentoFiscale-N3.465">N3.5</a>
                </td>
                <td>Non imponibili – a seguito di dichiarazioni d’intento</td>
                <td>Non imponibili – a seguito di dichiarazioni d’intento</td>
              </tr>
              <tr>
                <td style="white-space:nowrap">
                  <a name="http---hl7.it-fhir-spesa-sanitaria-CodeSystem-documentoFiscale-N3.6"> </a>
                  <a href="CodeSystem-documentoFiscale.html#documentoFiscale-N3.466">N3.6</a>
                </td>
                <td>Non imponibili – altre operazioni che non concorrono alla formazione del plafond</td>
                <td>Non imponibili – altre operazioni che non concorrono alla formazione del plafond</td>
              </tr>
              <tr>
                <td style="white-space:nowrap">
                  <a name="http---hl7.it-fhir-spesa-sanitaria-CodeSystem-documentoFiscale-N4"> </a>
                  <a href="CodeSystem-documentoFiscale.html#documentoFiscale-N4">N4</a>
                </td>
                <td>Esenti</td>
                <td>Esenti</td>
              </tr>
              <tr>
                <td style="white-space:nowrap">
                  <a name="http---hl7.it-fhir-spesa-sanitaria-CodeSystem-documentoFiscale-N5"> </a>
                  <a href="CodeSystem-documentoFiscale.html#documentoFiscale-N5">N5</a>
                </td>
                <td>Regime del margine / IVA non esposta in fattura</td>
                <td>Regime del margine / IVA non esposta in fattura</td>
              </tr>
              <tr>
                <td style="white-space:nowrap">
                  <a name="http---hl7.it-fhir-spesa-sanitaria-CodeSystem-documentoFiscale-N6.1"> </a>
                  <a href="CodeSystem-documentoFiscale.html#documentoFiscale-N6.461">N6.1</a>
                </td>
                <td>Inversione contabile – cessione di rottami e altri materiali di recupero</td>
                <td>Inversione contabile – cessione di rottami e altri materiali di recupero</td>
              </tr>
              <tr>
                <td style="white-space:nowrap">
                  <a name="http---hl7.it-fhir-spesa-sanitaria-CodeSystem-documentoFiscale-N6.2"> </a>
                  <a href="CodeSystem-documentoFiscale.html#documentoFiscale-N6.462">N6.2</a>
                </td>
                <td>Inversione contabile – cessione di oro e argento puro</td>
                <td>Inversione contabile – cessione di oro e argento puro</td>
              </tr>
              <tr>
                <td style="white-space:nowrap">
                  <a name="http---hl7.it-fhir-spesa-sanitaria-CodeSystem-documentoFiscale-N6.3"> </a>
                  <a href="CodeSystem-documentoFiscale.html#documentoFiscale-N6.463">N6.3</a>
                </td>
                <td>Inversione contabile – subappalto nel settore edile</td>
                <td>Inversione contabile – subappalto nel settore edile</td>
              </tr>
              <tr>
                <td style="white-space:nowrap">
                  <a name="http---hl7.it-fhir-spesa-sanitaria-CodeSystem-documentoFiscale-N6.4"> </a>
                  <a href="CodeSystem-documentoFiscale.html#documentoFiscale-N6.464">N6.4</a>
                </td>
                <td>Inversione contabile – cessione di fabbricati</td>
                <td>Inversione contabile – cessione di fabbricati</td>
              </tr>
              <tr>
                <td style="white-space:nowrap">
                  <a name="http---hl7.it-fhir-spesa-sanitaria-CodeSystem-documentoFiscale-N6.5"> </a>
                  <a href="CodeSystem-documentoFiscale.html#documentoFiscale-N6.465">N6.5</a>
                </td>
                <td>Inversione contabile – cessione di telefoni cellulari</td>
                <td>Inversione contabile – cessione di telefoni cellulari</td>
              </tr>
              <tr>
                <td style="white-space:nowrap">
                  <a name="http---hl7.it-fhir-spesa-sanitaria-CodeSystem-documentoFiscale-N6.6"> </a>
                  <a href="CodeSystem-documentoFiscale.html#documentoFiscale-N6.466">N6.6</a>
                </td>
                <td>Inversione contabile – cessione di prodotti elettronici</td>
                <td>Inversione contabile – cessione di prodotti elettronici</td>
              </tr>
              <tr>
                <td style="white-space:nowrap">
                  <a name="http---hl7.it-fhir-spesa-sanitaria-CodeSystem-documentoFiscale-N6.7"> </a>
                  <a href="CodeSystem-documentoFiscale.html#documentoFiscale-N6.467">N6.7</a>
                </td>
                <td>Inversione contabile – prestazioni comparto edile e settori connessi</td>
                <td>Inversione contabile – prestazioni comparto edile e settori connessi</td>
              </tr>
              <tr>
                <td style="white-space:nowrap">
                  <a name="http---hl7.it-fhir-spesa-sanitaria-CodeSystem-documentoFiscale-N6.8"> </a>
                  <a href="CodeSystem-documentoFiscale.html#documentoFiscale-N6.468">N6.8</a>
                </td>
                <td>Inversione contabile – operazioni settore energetico</td>
                <td>Inversione contabile – operazioni settore energetico</td>
              </tr>
              <tr>
                <td style="white-space:nowrap">
                  <a name="http---hl7.it-fhir-spesa-sanitaria-CodeSystem-documentoFiscale-N6.9"> </a>
                  <a href="CodeSystem-documentoFiscale.html#documentoFiscale-N6.469">N6.9</a>
                </td>
                <td>Inversione contabile – altri casi</td>
                <td>Inversione contabile – altri casi</td>
              </tr>
              <tr>
                <td style="white-space:nowrap">
                  <a name="http---hl7.it-fhir-spesa-sanitaria-CodeSystem-documentoFiscale-N7"> </a>
                  <a href="CodeSystem-documentoFiscale.html#documentoFiscale-N7">N7</a>
                </td>
                <td>IVA assolta in altro stato UE</td>
                <td>IVA assolta in altro stato UE (vendite a distanza ex art. 40 c. 3 e 4 e art. 41 c. 1 lett. b,  DL 331/93; prestazione di servizi di telecomunicazioni, tele-radiodiffusione ed elettronici ex art. 7-sexies lett. f, g, art. 74- sexies DPR 633/72).</td>
              </tr>
            </table>
          </div>
        </text>
        <url value="http://hl7.it/fhir/spesa-sanitaria/ValueSet/ValueSet-esclusioneIva-it-spesaSanitaria"/>
        <version value="0.1.0"/>
        <name value="VsCodiciEsclusioneIvaSTS"/>
        <title value="Codici esclusione IVA"/>
        <status value="active"/>
        <date value="2021-10-26T14:59:11+00:00"/>
        <contact>
          <name value="HL7 Italia"/>
          <telecom>
            <system value="url"/>
            <value value="https://hl7.it/"/>
          </telecom>
        </contact>
        <description value="Codici esclusione IVA"/>
        <jurisdiction>
          <coding>
            <system value="urn:iso:std:iso:3166"/>
            <code value="IT"/>
            <display value="Italy"/>
          </coding>
        </jurisdiction>
        <expansion>
          <identifier value="urn:uuid:fecbb351-fe54-4ea7-94ad-fe65efcc934f"/>
          <timestamp value="2021-10-26T14:59:27+00:00"/>
          <total value="21"/>
          <parameter>
            <name value="excludeNested"/>
            <valueBoolean value="false"/>
          </parameter>
          <parameter>
            <name value="version"/>
            <valueUri value="http://hl7.it/fhir/spesa-sanitaria/CodeSystem/documentoFiscale|0.1.0"/>
          </parameter>
          <contains>
            <system value="http://hl7.it/fhir/spesa-sanitaria/CodeSystem/documentoFiscale"/>
            <code value="N1"/>
            <display value="Escluse ex art. 15"/>
          </contains>
          <contains>
            <system value="http://hl7.it/fhir/spesa-sanitaria/CodeSystem/documentoFiscale"/>
            <code value="N2.1"/>
            <display value="Non soggette ad IVA ai sensi degli artt. da 7 a 7-septies del DPR 633/72"/>
          </contains>
          <contains>
            <system value="http://hl7.it/fhir/spesa-sanitaria/CodeSystem/documentoFiscale"/>
            <code value="N2.2"/>
            <display value="Non soggette – altri casi"/>
          </contains>
          <contains>
            <system value="http://hl7.it/fhir/spesa-sanitaria/CodeSystem/documentoFiscale"/>
            <code value="N3.1"/>
            <display value="Non imponibili – esportazioni"/>
          </contains>
          <contains>
            <system value="http://hl7.it/fhir/spesa-sanitaria/CodeSystem/documentoFiscale"/>
            <code value="N3.2"/>
            <display value="Non imponibili – cessioni intracomunitarie"/>
          </contains>
          <contains>
            <system value="http://hl7.it/fhir/spesa-sanitaria/CodeSystem/documentoFiscale"/>
            <code value="N3.3"/>
            <display value="Non imponibili – cessioni verso San Marino"/>
          </contains>
          <contains>
            <system value="http://hl7.it/fhir/spesa-sanitaria/CodeSystem/documentoFiscale"/>
            <code value="N3.4"/>
            <display value="Non imponibili – operazioni assimilate alle cessioni all’esportazione"/>
          </contains>
          <contains>
            <system value="http://hl7.it/fhir/spesa-sanitaria/CodeSystem/documentoFiscale"/>
            <code value="N3.5"/>
            <display value="Non imponibili – a seguito di dichiarazioni d’intento"/>
          </contains>
          <contains>
            <system value="http://hl7.it/fhir/spesa-sanitaria/CodeSystem/documentoFiscale"/>
            <code value="N3.6"/>
            <display value="Non imponibili – altre operazioni che non concorrono alla formazione del plafond"/>
          </contains>
          <contains>
            <system value="http://hl7.it/fhir/spesa-sanitaria/CodeSystem/documentoFiscale"/>
            <code value="N4"/>
            <display value="Esenti"/>
          </contains>
          <contains>
            <system value="http://hl7.it/fhir/spesa-sanitaria/CodeSystem/documentoFiscale"/>
            <code value="N5"/>
            <display value="Regime del margine / IVA non esposta in fattura"/>
          </contains>
          <contains>
            <system value="http://hl7.it/fhir/spesa-sanitaria/CodeSystem/documentoFiscale"/>
            <code value="N6.1"/>
            <display value="Inversione contabile – cessione di rottami e altri materiali di recupero"/>
          </contains>
          <contains>
            <system value="http://hl7.it/fhir/spesa-sanitaria/CodeSystem/documentoFiscale"/>
            <code value="N6.2"/>
            <display value="Inversione contabile – cessione di oro e argento puro"/>
          </contains>
          <contains>
            <system value="http://hl7.it/fhir/spesa-sanitaria/CodeSystem/documentoFiscale"/>
            <code value="N6.3"/>
            <display value="Inversione contabile – subappalto nel settore edile"/>
          </contains>
          <contains>
            <system value="http://hl7.it/fhir/spesa-sanitaria/CodeSystem/documentoFiscale"/>
            <code value="N6.4"/>
            <display value="Inversione contabile – cessione di fabbricati"/>
          </contains>
          <contains>
            <system value="http://hl7.it/fhir/spesa-sanitaria/CodeSystem/documentoFiscale"/>
            <code value="N6.5"/>
            <display value="Inversione contabile – cessione di telefoni cellulari"/>
          </contains>
          <contains>
            <system value="http://hl7.it/fhir/spesa-sanitaria/CodeSystem/documentoFiscale"/>
            <code value="N6.6"/>
            <display value="Inversione contabile – cessione di prodotti elettronici"/>
          </contains>
          <contains>
            <system value="http://hl7.it/fhir/spesa-sanitaria/CodeSystem/documentoFiscale"/>
            <code value="N6.7"/>
            <display value="Inversione contabile – prestazioni comparto edile e settori connessi"/>
          </contains>
          <contains>
            <system value="http://hl7.it/fhir/spesa-sanitaria/CodeSystem/documentoFiscale"/>
            <code value="N6.8"/>
            <display value="Inversione contabile – operazioni settore energetico"/>
          </contains>
          <contains>
            <system value="http://hl7.it/fhir/spesa-sanitaria/CodeSystem/documentoFiscale"/>
            <code value="N6.9"/>
            <display value="Inversione contabile – altri casi"/>
          </contains>
          <contains>
            <system value="http://hl7.it/fhir/spesa-sanitaria/CodeSystem/documentoFiscale"/>
            <code value="N7"/>
            <display value="IVA assolta in altro stato UE"/>
          </contains>
        </expansion>
      </ValueSet>
    </resource>
  </entry>
  <entry>
    <fullUrl value="http://hl7.it/fhir/spesa-sanitaria/ValueSet/ValueSet-lineItemType-it-spesaSanitaria"/>
    <resource>
      <ValueSet>
        <id value="ValueSet-lineItemType-it-spesaSanitaria"/>
        <text>
          <status value="generated"/>
          <div xmlns="http://www.w3.org/1999/xhtml">
            <p>This value set contains 12 concepts</p>
            <p style="border: black 1px dotted; background-color: #EEEEEE; padding: 8px; margin-bottom: 8px">Expansion based on 
              <a href="CodeSystem-documentoFiscale.html">Internal Code System v0.1.0 (CodeSystem)</a>
            </p>
            <p>All codes in this table are from the system 
              <a href="CodeSystem-documentoFiscale.html">
                <code>http://hl7.it/fhir/spesa-sanitaria/CodeSystem/documentoFiscale</code>
              </a>
            </p>
            <table class="codes">
              <tr>
                <td style="white-space:nowrap">
                  <b>Code</b>
                </td>
                <td>
                  <b>Display</b>
                </td>
                <td>
                  <b>Definition</b>
                </td>
              </tr>
              <tr>
                <td style="white-space:nowrap">
                  <a name="http---hl7.it-fhir-spesa-sanitaria-CodeSystem-documentoFiscale-TK"> </a>
                  <a href="CodeSystem-documentoFiscale.html#documentoFiscale-TK">TK</a>
                </td>
                <td>Ticket</td>
                <td>Ticket (Quota fissa e/o Differenza con il prezzo di riferimento. Franchigia. Pronto Soccorso e accesso diretto)</td>
              </tr>
              <tr>
                <td style="white-space:nowrap">
                  <a name="http---hl7.it-fhir-spesa-sanitaria-CodeSystem-documentoFiscale-FC"> </a>
                  <a href="CodeSystem-documentoFiscale.html#documentoFiscale-FC">FC</a>
                </td>
                <td>Farmaci e Dispositivi medici CE</td>
                <td>Farmaco, anche omeopatico. Dispositivi medici CE</td>
              </tr>
              <tr>
                <td style="white-space:nowrap">
                  <a name="http---hl7.it-fhir-spesa-sanitaria-CodeSystem-documentoFiscale-FV"> </a>
                  <a href="CodeSystem-documentoFiscale.html#documentoFiscale-FV">FV</a>
                </td>
                <td>Farmaco per uso veterinario</td>
                <td>Farmaco per uso veterinario</td>
              </tr>
              <tr>
                <td style="white-space:nowrap">
                  <a name="http---hl7.it-fhir-spesa-sanitaria-CodeSystem-documentoFiscale-AD"> </a>
                  <a href="CodeSystem-documentoFiscale.html#documentoFiscale-AD">AD</a>
                </td>
                <td>Acquisto o affitto di dispositivo medico CE</td>
                <td>Acquisto o affitto di dispositivo medico CE</td>
              </tr>
              <tr>
                <td style="white-space:nowrap">
                  <a name="http---hl7.it-fhir-spesa-sanitaria-CodeSystem-documentoFiscale-CT"> </a>
                  <a href="CodeSystem-documentoFiscale.html#documentoFiscale-CT">CT</a>
                </td>
                <td>Cure Termali</td>
                <td>Cure Termali</td>
              </tr>
              <tr>
                <td style="white-space:nowrap">
                  <a name="http---hl7.it-fhir-spesa-sanitaria-CodeSystem-documentoFiscale-PI"> </a>
                  <a href="CodeSystem-documentoFiscale.html#documentoFiscale-PI">PI</a>
                </td>
                <td>Protesica e integrativa</td>
                <td>protesica e integrativa</td>
              </tr>
              <tr>
                <td style="white-space:nowrap">
                  <a name="http---hl7.it-fhir-spesa-sanitaria-CodeSystem-documentoFiscale-IC"> </a>
                  <a href="CodeSystem-documentoFiscale.html#documentoFiscale-IC">IC</a>
                </td>
                <td>Chirurgia e medicina estetica</td>
                <td>Prestazioni di chirurgia estetica e di medicina estetica (ambulatoriale o ospedaliera)</td>
              </tr>
              <tr>
                <td style="white-space:nowrap">
                  <a name="http---hl7.it-fhir-spesa-sanitaria-CodeSystem-documentoFiscale-SP"> </a>
                  <a href="CodeSystem-documentoFiscale.html#documentoFiscale-SP">SP</a>
                </td>
                <td>Prestazioni sanitarie</td>
                <td>Prestazioni sanitarie</td>
              </tr>
              <tr>
                <td style="white-space:nowrap">
                  <a name="http---hl7.it-fhir-spesa-sanitaria-CodeSystem-documentoFiscale-SV"> </a>
                  <a href="CodeSystem-documentoFiscale.html#documentoFiscale-SV">SV</a>
                </td>
                <td>Spese veterinarie</td>
                <td>Spese veterinarie</td>
              </tr>
              <tr>
                <td style="white-space:nowrap">
                  <a name="http---hl7.it-fhir-spesa-sanitaria-CodeSystem-documentoFiscale-AA"> </a>
                  <a href="CodeSystem-documentoFiscale.html#documentoFiscale-AA">AA</a>
                </td>
                <td>Altre spese</td>
                <td>Altre spese</td>
              </tr>
              <tr>
                <td style="white-space:nowrap">
                  <a name="http---hl7.it-fhir-spesa-sanitaria-CodeSystem-documentoFiscale-SR"> </a>
                  <a href="CodeSystem-documentoFiscale.html#documentoFiscale-SR">SR</a>
                </td>
                <td>Varie prestazioni sanitarie</td>
                <td>prestazioni sanitarie: assistenza specialistica ambulatoriale esclusi interventi di chirurgia estetica; visita medica generica e specialistica o prestazioni diagnostiche estrumentali; prestazione chirurgica ad esclusione della chirurgia estetica;certificazione medica; ricoveri ospedalieri ricollegabili ad interventi chirurgici o adegenza, ad  esclusione della chirurgia estetica, al netto del comfort</td>
              </tr>
              <tr>
                <td style="white-space:nowrap">
                  <a name="http---hl7.it-fhir-spesa-sanitaria-CodeSystem-documentoFiscale-AS"> </a>
                  <a href="CodeSystem-documentoFiscale.html#documentoFiscale-AS">AS</a>
                </td>
                <td>Farmacia dei servizi</td>
                <td>Spese sanitarie relative ad ECG, spirometria, Holter pressorio e cardiaco, test per glicemia, colesterolo e trigliceridi o misurazione della pressione sanguigna, prestazione previste dalla farmacia dei servizi e simili sanguigna)</td>
              </tr>
            </table>
          </div>
        </text>
        <url value="http://hl7.it/fhir/spesa-sanitaria/ValueSet/ValueSet-lineItemType-it-spesaSanitaria"/>
        <version value="0.1.0"/>
        <name value="VsLineItemTypeSTS"/>
        <title value="Tipo di voce di spesa"/>
        <status value="active"/>
        <date value="2021-10-26T14:59:11+00:00"/>
        <contact>
          <name value="HL7 Italia"/>
          <telecom>
            <system value="url"/>
            <value value="https://hl7.it/"/>
          </telecom>
        </contact>
        <description value="Tipo di voce di spesa"/>
        <jurisdiction>
          <coding>
            <system value="urn:iso:std:iso:3166"/>
            <code value="IT"/>
            <display value="Italy"/>
          </coding>
        </jurisdiction>
        <expansion>
          <identifier value="urn:uuid:16c8d348-58d8-4037-a49f-49b1356369a1"/>
          <timestamp value="2021-10-26T14:59:27+00:00"/>
          <total value="12"/>
          <parameter>
            <name value="excludeNested"/>
            <valueBoolean value="false"/>
          </parameter>
          <parameter>
            <name value="version"/>
            <valueUri value="http://hl7.it/fhir/spesa-sanitaria/CodeSystem/documentoFiscale|0.1.0"/>
          </parameter>
          <contains>
            <system value="http://hl7.it/fhir/spesa-sanitaria/CodeSystem/documentoFiscale"/>
            <code value="TK"/>
            <display value="Ticket"/>
          </contains>
          <contains>
            <system value="http://hl7.it/fhir/spesa-sanitaria/CodeSystem/documentoFiscale"/>
            <code value="FC"/>
            <display value="Farmaci e Dispositivi medici CE"/>
          </contains>
          <contains>
            <system value="http://hl7.it/fhir/spesa-sanitaria/CodeSystem/documentoFiscale"/>
            <code value="FV"/>
            <display value="Farmaco per uso veterinario"/>
          </contains>
          <contains>
            <system value="http://hl7.it/fhir/spesa-sanitaria/CodeSystem/documentoFiscale"/>
            <code value="AD"/>
            <display value="Acquisto o affitto di dispositivo medico CE"/>
          </contains>
          <contains>
            <system value="http://hl7.it/fhir/spesa-sanitaria/CodeSystem/documentoFiscale"/>
            <code value="CT"/>
            <display value="Cure Termali"/>
          </contains>
          <contains>
            <system value="http://hl7.it/fhir/spesa-sanitaria/CodeSystem/documentoFiscale"/>
            <code value="PI"/>
            <display value="Protesica e integrativa"/>
          </contains>
          <contains>
            <system value="http://hl7.it/fhir/spesa-sanitaria/CodeSystem/documentoFiscale"/>
            <code value="IC"/>
            <display value="Chirurgia e medicina estetica"/>
          </contains>
          <contains>
            <system value="http://hl7.it/fhir/spesa-sanitaria/CodeSystem/documentoFiscale"/>
            <code value="SP"/>
            <display value="Prestazioni sanitarie"/>
          </contains>
          <contains>
            <system value="http://hl7.it/fhir/spesa-sanitaria/CodeSystem/documentoFiscale"/>
            <code value="SV"/>
            <display value="Spese veterinarie"/>
          </contains>
          <contains>
            <system value="http://hl7.it/fhir/spesa-sanitaria/CodeSystem/documentoFiscale"/>
            <code value="AA"/>
            <display value="Altre spese"/>
          </contains>
          <contains>
            <system value="http://hl7.it/fhir/spesa-sanitaria/CodeSystem/documentoFiscale"/>
            <code value="SR"/>
            <display value="Varie prestazioni sanitarie"/>
          </contains>
          <contains>
            <system value="http://hl7.it/fhir/spesa-sanitaria/CodeSystem/documentoFiscale"/>
            <code value="AS"/>
            <display value="Farmacia dei servizi"/>
          </contains>
        </expansion>
      </ValueSet>
    </resource>
  </entry>
  <entry>
    <fullUrl value="http://hl7.it/fhir/spesa-sanitaria/ValueSet/ValueSet-invoiceType-it-spesaSanitaria"/>
    <resource>
      <ValueSet>
        <id value="ValueSet-invoiceType-it-spesaSanitaria"/>
        <text>
          <status value="generated"/>
          <div xmlns="http://www.w3.org/1999/xhtml">
            <p>This value set contains 2 concepts</p>
            <p style="border: black 1px dotted; background-color: #EEEEEE; padding: 8px; margin-bottom: 8px">Expansion based on 
              <a href="CodeSystem-documentoFiscale.html">Internal Code System v0.1.0 (CodeSystem)</a>
            </p>
            <p>All codes in this table are from the system 
              <a href="CodeSystem-documentoFiscale.html">
                <code>http://hl7.it/fhir/spesa-sanitaria/CodeSystem/documentoFiscale</code>
              </a>
            </p>
            <table class="codes">
              <tr>
                <td style="white-space:nowrap">
                  <b>Code</b>
                </td>
                <td>
                  <b>Display</b>
                </td>
                <td>
                  <b>Definition</b>
                </td>
              </tr>
              <tr>
                <td style="white-space:nowrap">
                  <a name="http---hl7.it-fhir-spesa-sanitaria-CodeSystem-documentoFiscale-F"> </a>
                  <a href="CodeSystem-documentoFiscale.html#documentoFiscale-F">F</a>
                </td>
                <td>fattura</td>
                <td>fattura</td>
              </tr>
              <tr>
                <td style="white-space:nowrap">
                  <a name="http---hl7.it-fhir-spesa-sanitaria-CodeSystem-documentoFiscale-D"> </a>
                  <a href="CodeSystem-documentoFiscale.html#documentoFiscale-D">D</a>
                </td>
                <td>documento commerciale</td>
                <td>documento commerciale</td>
              </tr>
            </table>
          </div>
        </text>
        <url value="http://hl7.it/fhir/spesa-sanitaria/ValueSet/ValueSet-invoiceType-it-spesaSanitaria"/>
        <version value="0.1.0"/>
        <name value="VsInvoiceTypeSTS"/>
        <title value="Tipo di documento"/>
        <status value="active"/>
        <date value="2021-10-26T14:59:11+00:00"/>
        <contact>
          <name value="HL7 Italia"/>
          <telecom>
            <system value="url"/>
            <value value="https://hl7.it/"/>
          </telecom>
        </contact>
        <description value="Tipologia del documento attestante il pagamento della prestazione o del bene sanitario assume valore: F (fattura) D (documento commerciale)"/>
        <jurisdiction>
          <coding>
            <system value="urn:iso:std:iso:3166"/>
            <code value="IT"/>
            <display value="Italy"/>
          </coding>
        </jurisdiction>
        <expansion>
          <identifier value="urn:uuid:512ee07d-d02e-4eb7-8d1a-7ec5dc58368a"/>
          <timestamp value="2021-10-26T14:59:27+00:00"/>
          <total value="2"/>
          <parameter>
            <name value="excludeNested"/>
            <valueBoolean value="false"/>
          </parameter>
          <parameter>
            <name value="version"/>
            <valueUri value="http://hl7.it/fhir/spesa-sanitaria/CodeSystem/documentoFiscale|0.1.0"/>
          </parameter>
          <contains>
            <system value="http://hl7.it/fhir/spesa-sanitaria/CodeSystem/documentoFiscale"/>
            <code value="F"/>
            <display value="fattura"/>
          </contains>
          <contains>
            <system value="http://hl7.it/fhir/spesa-sanitaria/CodeSystem/documentoFiscale"/>
            <code value="D"/>
            <display value="documento commerciale"/>
          </contains>
        </expansion>
      </ValueSet>
    </resource>
  </entry>
</Bundle>