{
  "package": "hl7.fhir.it.730",
  "version": "0.1.0",
  "fhirVersion": "4.0.1",
  "jurisdiction": "IT",
  "extensions": [
    {
      "url": "http://hl7.it/fhir/spesaSanitaria/StructureDefinition/invoicePaymentExt-it-sts",
      "title": "Dettagli Pagamento",
      "types": [
        "Reference"
      ]
    },
    {
      "url": "http://hl7.it/fhir/spesaSanitaria/StructureDefinition/issuerPractictionerExt-it-sts",
      "title": "Professionista (issuer)",
      "types": [
        "Reference"
      ]
    }
  ],
  "profiles": {
    "Organization": [
      {
        "url": "http://hl7.it/fhir/spesaSanitaria/StructureDefinition/OrganizationIssuer-it-sts",
        "title": "Organization (issuer)"
      }
    ],
    "Invoice": [
      {
        "url": "http://hl7.it/fhir/spesaSanitaria/StructureDefinition/Invoice-it-spesaSanitaria",
        "title": "Invoice Documento Fiscale (STS)"
      }
    ],
    "Patient": [
      {
        "url": "http://hl7.it/fhir/spesaSanitaria/StructureDefinition/Patient-it-sts",
        "title": "Patient (only CF)"
      }
    ],
    "PaymentReconciliation": [
      {
        "url": "http://hl7.it/fhir/spesaSanitaria/StructureDefinition/PaymentReconciliation-it-sts",
        "title": "PaymentReconciliation"
      }
    ]
  },
  "usage": {
    "http://hl7.it/fhir/spesaSanitaria/StructureDefinition/invoicePaymentExt-it-sts": [
      "Invoice"
    ],
    "http://hl7.it/fhir/spesaSanitaria/StructureDefinition/issuerPractictionerExt-it-sts": [
      "Invoice"
    ],
    "http://hl7.org/fhir/StructureDefinition/elementdefinition-bestpractice": [
      "StructureDefinition.snapshot.element.constraint"
    ],
    "http://hl7.org/fhir/StructureDefinition/elementdefinition-bestpractice-explanation": [
      "StructureDefinition.snapshot.element.constraint"
    ],
    "http://hl7.org/fhir/StructureDefinition/elementdefinition-bindingName": [
      "StructureDefinition.snapshot.element.binding"
    ],
    "http://hl7.org/fhir/StructureDefinition/elementdefinition-isCommonBinding": [
      "StructureDefinition.snapshot.element.binding"
    ],
    "http://hl7.org/fhir/StructureDefinition/elementdefinition-maxValueSet": [
      "StructureDefinition.snapshot.element.binding"
    ],
    "http://hl7.org/fhir/StructureDefinition/elementdefinition-translatable": [
      "StructureDefinition.snapshot.element"
    ],
    "http://hl7.org/fhir/StructureDefinition/structuredefinition-category": [
      "StructureDefinition"
    ],
    "http://hl7.org/fhir/StructureDefinition/structuredefinition-explicit-type-name": [
      "StructureDefinition.snapshot.element"
    ],
    "http://hl7.org/fhir/StructureDefinition/structuredefinition-fhir-type": [
      "StructureDefinition.snapshot.element.type"
    ],
    "http://hl7.org/fhir/StructureDefinition/structuredefinition-hierarchy": [
      "StructureDefinition.snapshot.element.type"
    ],
    "http://hl7.org/fhir/StructureDefinition/structuredefinition-security-category": [
      "StructureDefinition"
    ],
    "http://hl7.org/fhir/tools/StructureDefinition/ig-parameter": [
      "ImplementationGuide.definition"
    ],
    "http://hl7.org/fhir/tools/StructureDefinition/resource-information": [
      "ImplementationGuide.definition.resource"
    ]
  }
}