<?xml version="1.0" encoding="UTF-8"?>

<ValueSet xmlns="http://hl7.org/fhir">
  <id value="ValueSet-lineItemType-it-spesaSanitaria"/>
  <text>
    <status value="extensions"/><div xmlns="http://www.w3.org/1999/xhtml"><ul><li>Include these codes as defined in <a href="CodeSystem-documentoFiscale.html"><code>http://hl7.it/fhir/spesa-sanitaria/CodeSystem/documentoFiscale</code></a><table class="none"><tr><td style="white-space:nowrap"><b>Code</b></td><td><b>Display</b></td><td><b>Definition</b></td></tr><tr><td><a href="CodeSystem-documentoFiscale.html#documentoFiscale-TK">TK</a></td><td>Ticket</td><td>Ticket (Quota fissa e/o Differenza con il prezzo di riferimento. Franchigia. Pronto Soccorso e accesso diretto)</td></tr><tr><td><a href="CodeSystem-documentoFiscale.html#documentoFiscale-FC">FC</a></td><td>Farmaci e Dispositivi medici CE</td><td>Farmaco, anche omeopatico. Dispositivi medici CE</td></tr><tr><td><a href="CodeSystem-documentoFiscale.html#documentoFiscale-FV">FV</a></td><td>Farmaco per uso veterinario</td><td>Farmaco per uso veterinario</td></tr><tr><td><a href="CodeSystem-documentoFiscale.html#documentoFiscale-AD">AD</a></td><td>Acquisto o affitto di dispositivo medico CE</td><td>Acquisto o affitto di dispositivo medico CE</td></tr><tr><td><a href="CodeSystem-documentoFiscale.html#documentoFiscale-CT">CT</a></td><td>Cure Termali</td><td>Cure Termali</td></tr><tr><td><a href="CodeSystem-documentoFiscale.html#documentoFiscale-PI">PI</a></td><td>Protesica e integrativa</td><td>protesica e integrativa</td></tr><tr><td><a href="CodeSystem-documentoFiscale.html#documentoFiscale-IC">IC</a></td><td>Chirurgia e medicina estetica</td><td>Prestazioni di chirurgia estetica e di medicina estetica (ambulatoriale o ospedaliera)</td></tr><tr><td><a href="CodeSystem-documentoFiscale.html#documentoFiscale-SP">SP</a></td><td>Prestazioni sanitarie</td><td>Prestazioni sanitarie</td></tr><tr><td><a href="CodeSystem-documentoFiscale.html#documentoFiscale-SV">SV</a></td><td>Spese veterinarie</td><td>Spese veterinarie</td></tr><tr><td><a href="CodeSystem-documentoFiscale.html#documentoFiscale-AA">AA</a></td><td>Altre spese</td><td>Altre spese</td></tr><tr><td><a href="CodeSystem-documentoFiscale.html#documentoFiscale-SR">SR</a></td><td>Varie prestazioni sanitarie</td><td>prestazioni sanitarie: assistenza specialistica ambulatoriale esclusi interventi di chirurgia estetica; visita medica generica e specialistica o prestazioni diagnostiche estrumentali; prestazione chirurgica ad esclusione della chirurgia estetica;certificazione medica; ricoveri ospedalieri ricollegabili ad interventi chirurgici o adegenza, ad  esclusione della chirurgia estetica, al netto del comfort</td></tr><tr><td><a href="CodeSystem-documentoFiscale.html#documentoFiscale-AS">AS</a></td><td>Farmacia dei servizi</td><td>Spese sanitarie relative ad ECG, spirometria, Holter pressorio e cardiaco, test per glicemia, colesterolo e trigliceridi o misurazione della pressione sanguigna, prestazione previste dalla farmacia dei servizi e simili sanguigna)</td></tr></table></li></ul></div>
  </text>
  <url value="http://hl7.it/fhir/spesa-sanitaria/ValueSet/ValueSet-lineItemType-it-spesaSanitaria"/>
  <version value="0.1.0"/>
  <name value="VsLineItemTypeSTS"/>
  <title value="Tipo di voce di spesa"/>
  <status value="active"/>
  <date value="2021-10-26T14:59:11+00:00"/>
  <contact>
    <name value="HL7 Italia"/>
    <telecom>
      <system value="url"/>
      <value value="https://hl7.it/"/>
    </telecom>
  </contact>
  <description value="Tipo di voce di spesa"/>
  <jurisdiction>
    <coding>
      <system value="urn:iso:std:iso:3166"/>
      <code value="IT"/>
      <display value="Italy"/>
    </coding>
  </jurisdiction>
  <compose>
    <include>
      <system value="http://hl7.it/fhir/spesa-sanitaria/CodeSystem/documentoFiscale"/>
      <concept>
        <code value="TK"/>
      </concept>
      <concept>
        <code value="FC"/>
      </concept>
      <concept>
        <code value="FV"/>
      </concept>
      <concept>
        <code value="AD"/>
      </concept>
      <concept>
        <code value="CT"/>
      </concept>
      <concept>
        <code value="PI"/>
      </concept>
      <concept>
        <code value="IC"/>
      </concept>
      <concept>
        <code value="SP"/>
      </concept>
      <concept>
        <code value="SV"/>
      </concept>
      <concept>
        <code value="AA"/>
      </concept>
      <concept>
        <code value="SR"/>
      </concept>
      <concept>
        <code value="AS"/>
      </concept>
    </include>
  </compose>
</ValueSet>