{"resourceType":"CodeSystem","id":"documentoFiscale","text":{"status":"generated","div":"<div xmlns=\"http://www.w3.org/1999/xhtml\"><p>This code system http://hl7.it/fhir/spesaSanitaria/CodeSystem/documentoFiscale defines the following codes:</p><table class=\"codes\"><tr><td style=\"white-space:nowrap\"><b>Code</b></td><td><b>Display</b></td><td><b>Definition</b></td></tr><tr><td style=\"white-space:nowrap\">F<a name=\"documentoFiscale-F\"> </a></td><td>fattura</td><td>fattura</td></tr><tr><td style=\"white-space:nowrap\">D<a name=\"documentoFiscale-D\"> </a></td><td>documento commerciale</td><td>documento commerciale</td></tr><tr><td style=\"white-space:nowrap\">TK<a name=\"documentoFiscale-TK\"> </a></td><td>Ticket</td><td>Ticket (Quota fissa e/o Differenza con il prezzo di riferimento. Franchigia. Pronto Soccorso e accesso diretto)</td></tr><tr><td style=\"white-space:nowrap\">FC<a name=\"documentoFiscale-FC\"> </a></td><td>Farmaci e Dispositivi medici CE</td><td>Farmaco, anche omeopatico. Dispositivi medici CE</td></tr><tr><td style=\"white-space:nowrap\">FV<a name=\"documentoFiscale-FV\"> </a></td><td>Farmaco per uso veterinario</td><td>Farmaco per uso veterinario</td></tr><tr><td style=\"white-space:nowrap\">AD<a name=\"documentoFiscale-AD\"> </a></td><td>Acquisto o affitto di dispositivo medico CE</td><td>Acquisto o affitto di dispositivo medico CE</td></tr><tr><td style=\"white-space:nowrap\">CT<a name=\"documentoFiscale-CT\"> </a></td><td>Cure Termali</td><td>Cure Termali</td></tr><tr><td style=\"white-space:nowrap\">PI<a name=\"documentoFiscale-PI\"> </a></td><td>Protesica e integrativa</td><td>protesica e integrativa</td></tr><tr><td style=\"white-space:nowrap\">IC<a name=\"documentoFiscale-IC\"> </a></td><td>Chirurgia e medicina estetica</td><td>Prestazioni di chirurgia estetica e di medicina estetica (ambulatoriale o ospedaliera)</td></tr><tr><td style=\"white-space:nowrap\">SP<a name=\"documentoFiscale-SP\"> </a></td><td>Prestazioni sanitarie</td><td>Prestazioni sanitarie</td></tr><tr><td style=\"white-space:nowrap\">SV<a name=\"documentoFiscale-SV\"> </a></td><td>Spese veterinarie</td><td>Spese veterinarie</td></tr><tr><td style=\"white-space:nowrap\">AA<a name=\"documentoFiscale-AA\"> </a></td><td>Altre spese</td><td>Altre spese</td></tr><tr><td style=\"white-space:nowrap\">SR<a name=\"documentoFiscale-SR\"> </a></td><td>Varie prestazioni sanitarie</td><td>prestazioni sanitarie: assistenza specialistica ambulatoriale esclusi interventi di chirurgia estetica; visita medica generica e specialistica o prestazioni diagnostiche estrumentali; prestazione chirurgica ad esclusione della chirurgia estetica;certificazione medica; ricoveri ospedalieri ricollegabili ad interventi chirurgici o adegenza, ad  esclusione della chirurgia estetica, al netto del comfort</td></tr><tr><td style=\"white-space:nowrap\">AS<a name=\"documentoFiscale-AS\"> </a></td><td>Farmacia dei servizi</td><td>Spese sanitarie relative ad ECG, spirometria, Holter pressorio e cardiaco, test per glicemia, colesterolo e trigliceridi o misurazione della pressione sanguigna, prestazione previste dalla farmacia dei servizi e simili sanguigna)</td></tr><tr><td style=\"white-space:nowrap\">aliquota-iva<a name=\"documentoFiscale-aliquota-iva\"> </a></td><td>Aliquota IVA</td><td>Aliquota IVA</td></tr></table></div>"},"url":"http://hl7.it/fhir/spesaSanitaria/CodeSystem/documentoFiscale","version":"0.1.0","name":"CsDocumentoFiscaleSTS","title":"Internal Code System","status":"active","date":"2021-10-25T21:40:26+00:00","description":"Documento Fiscale (STS) FHIR IG Internal Code System","jurisdiction":[{"coding":[{"system":"urn:iso:std:iso:3166","code":"IT","display":"Italy"}]}],"content":"complete","count":15,"concept":[{"code":"F","display":"fattura","definition":"fattura"},{"code":"D","display":"documento commerciale","definition":"documento commerciale"},{"code":"TK","display":"Ticket","definition":"Ticket (Quota fissa e/o Differenza con il prezzo di riferimento. Franchigia. Pronto Soccorso e accesso diretto)"},{"code":"FC","display":"Farmaci e Dispositivi medici CE","definition":"Farmaco, anche omeopatico. Dispositivi medici CE"},{"code":"FV","display":"Farmaco per uso veterinario","definition":"Farmaco per uso veterinario"},{"code":"AD","display":"Acquisto o affitto di dispositivo medico CE","definition":"Acquisto o affitto di dispositivo medico CE"},{"code":"CT","display":"Cure Termali","definition":"Cure Termali"},{"code":"PI","display":"Protesica e integrativa","definition":"protesica e integrativa"},{"code":"IC","display":"Chirurgia e medicina estetica","definition":"Prestazioni di chirurgia estetica e di medicina estetica (ambulatoriale o ospedaliera)"},{"code":"SP","display":"Prestazioni sanitarie","definition":"Prestazioni sanitarie"},{"code":"SV","display":"Spese veterinarie","definition":"Spese veterinarie"},{"code":"AA","display":"Altre spese","definition":"Altre spese"},{"code":"SR","display":"Varie prestazioni sanitarie","definition":"prestazioni sanitarie: assistenza specialistica ambulatoriale esclusi interventi di chirurgia estetica; visita medica generica e specialistica o prestazioni diagnostiche estrumentali; prestazione chirurgica ad esclusione della chirurgia estetica;certificazione medica; ricoveri ospedalieri ricollegabili ad interventi chirurgici o adegenza, ad  esclusione della chirurgia estetica, al netto del comfort"},{"code":"AS","display":"Farmacia dei servizi","definition":"Spese sanitarie relative ad ECG, spirometria, Holter pressorio e cardiaco, test per glicemia, colesterolo e trigliceridi o misurazione della pressione sanguigna, prestazione previste dalla farmacia dei servizi e simili sanguigna)"},{"code":"aliquota-iva","display":"Aliquota IVA","definition":"Aliquota IVA"}]}