{"resourceType":"ImplementationGuide","id":"hl7.fhir.it.spesa-sanitaria","text":{"status":"extensions","div":"<div xmlns=\"http://www.w3.org/1999/xhtml\"><h2>HL7ITFhirSpesaSanitaria</h2><p>The official URL for this implementation guide is: </p><pre>http://hl7.it/fhir/spesa-sanitaria/ImplementationGuide/hl7.fhir.it.spesa-sanitaria</pre><div><p>HL7 Italia FHIR Implementation Guide Spesa Sanitaria,, specifica come utilizzare lo standard HL7 FHIR per la gestione della spesa sanitaria all'interno del SISTEMA TESSERA SANITARIA</p>\n</div></div>"},"url":"http://hl7.it/fhir/spesa-sanitaria/ImplementationGuide/hl7.fhir.it.spesa-sanitaria","version":"0.1.0","name":"HL7ITFhirSpesaSanitaria","title":"HL7 Italia FHIR Implementation Guide Spesa Sanitaria (STS)","status":"active","date":"2021-10-26T14:59:11+00:00","contact":[{"name":"HL7 Italia","telecom":[{"system":"url","value":"https://hl7.it/"}]}],"description":"HL7 Italia FHIR Implementation Guide Spesa Sanitaria,, specifica come utilizzare lo standard HL7 FHIR per la gestione della spesa sanitaria all'interno del SISTEMA TESSERA SANITARIA","jurisdiction":[{"coding":[{"system":"urn:iso:std:iso:3166","code":"IT","display":"Italy"}]}],"packageId":"hl7.fhir.it.spesa-sanitaria","license":"CC-BY-SA-4.0","fhirVersion":["4.0.1"],"dependsOn":[{"id":"hl7_fhir_it_base","uri":"http://hl7.it/fhir/ImplementationGuide/hl7.fhir.it.base","packageId":"hl7.fhir.it.base","version":"current"}],"definition":{"extension":[{"extension":[{"url":"code","valueString":"copyrightyear"},{"url":"value","valueString":"2021+"}],"url":"http://hl7.org/fhir/tools/StructureDefinition/ig-parameter"},{"extension":[{"url":"code","valueString":"releaselabel"},{"url":"value","valueString":"CI Build"}],"url":"http://hl7.org/fhir/tools/StructureDefinition/ig-parameter"},{"extension":[{"url":"code","valueString":"show-inherited-invariants"},{"url":"value","valueString":"false"}],"url":"http://hl7.org/fhir/tools/StructureDefinition/ig-parameter"},{"extension":[{"url":"code","valueString":"apply-jurisdiction"},{"url":"value","valueString":"true"}],"url":"http://hl7.org/fhir/tools/StructureDefinition/ig-parameter"},{"extension":[{"url":"code","valueString":"apply-publisher"},{"url":"value","valueString":"true"}],"url":"http://hl7.org/fhir/tools/StructureDefinition/ig-parameter"},{"extension":[{"url":"code","valueString":"special-url"},{"url":"value","valueString":"http://terminology.hl7.it/CodeSystem/minsan-esenzioni"}],"url":"http://hl7.org/fhir/tools/StructureDefinition/ig-parameter"},{"extension":[{"url":"code","valueString":"special-url"},{"url":"value","valueString":"http://terminology.hl7.it/CodeSystem/istat-professioni"}],"url":"http://hl7.org/fhir/tools/StructureDefinition/ig-parameter"},{"extension":[{"url":"code","valueString":"autoload-resources"},{"url":"value","valueString":"true"}],"url":"http://hl7.org/fhir/tools/StructureDefinition/ig-parameter"},{"extension":[{"url":"code","valueString":"path-liquid"},{"url":"value","valueString":"template/liquid"}],"url":"http://hl7.org/fhir/tools/StructureDefinition/ig-parameter"},{"extension":[{"url":"code","valueString":"path-liquid"},{"url":"value","valueString":"input/liquid"}],"url":"http://hl7.org/fhir/tools/StructureDefinition/ig-parameter"},{"extension":[{"url":"code","valueString":"path-qa"},{"url":"value","valueString":"temp/qa"}],"url":"http://hl7.org/fhir/tools/StructureDefinition/ig-parameter"},{"extension":[{"url":"code","valueString":"path-temp"},{"url":"value","valueString":"temp/pages"}],"url":"http://hl7.org/fhir/tools/StructureDefinition/ig-parameter"},{"extension":[{"url":"code","valueString":"path-output"},{"url":"value","valueString":"output"}],"url":"http://hl7.org/fhir/tools/StructureDefinition/ig-parameter"},{"extension":[{"url":"code","valueString":"path-suppressed-warnings"},{"url":"value","valueString":"input/ignoreWarnings.txt"}],"url":"http://hl7.org/fhir/tools/StructureDefinition/ig-parameter"},{"extension":[{"url":"code","valueString":"path-history"},{"url":"value","valueString":"http://hl7.it/fhir/spesa-sanitaria/history.html"}],"url":"http://hl7.org/fhir/tools/StructureDefinition/ig-parameter"},{"extension":[{"url":"code","valueString":"template-html"},{"url":"value","valueString":"template-page.html"}],"url":"http://hl7.org/fhir/tools/StructureDefinition/ig-parameter"},{"extension":[{"url":"code","valueString":"template-md"},{"url":"value","valueString":"template-page-md.html"}],"url":"http://hl7.org/fhir/tools/StructureDefinition/ig-parameter"},{"extension":[{"url":"code","valueString":"apply-contact"},{"url":"value","valueString":"true"}],"url":"http://hl7.org/fhir/tools/StructureDefinition/ig-parameter"},{"extension":[{"url":"code","valueString":"apply-context"},{"url":"value","valueString":"true"}],"url":"http://hl7.org/fhir/tools/StructureDefinition/ig-parameter"},{"extension":[{"url":"code","valueString":"apply-copyright"},{"url":"value","valueString":"true"}],"url":"http://hl7.org/fhir/tools/StructureDefinition/ig-parameter"},{"extension":[{"url":"code","valueString":"apply-license"},{"url":"value","valueString":"true"}],"url":"http://hl7.org/fhir/tools/StructureDefinition/ig-parameter"},{"extension":[{"url":"code","valueString":"apply-version"},{"url":"value","valueString":"true"}],"url":"http://hl7.org/fhir/tools/StructureDefinition/ig-parameter"},{"extension":[{"url":"code","valueString":"active-tables"},{"url":"value","valueString":"true"}],"url":"http://hl7.org/fhir/tools/StructureDefinition/ig-parameter"}],"grouping":[{"id":"-str-logicalmodel","name":"Structures: Logical Models","description":"These define data models that represent the domain covered by this implementation guide in more business-friendly terms than the underlying FHIR resources."},{"id":"-str-profile","name":"Structures: Resource Profiles","description":"These define constraints on FHIR resources for systems conforming to this implementation guide"},{"id":"-str-extension","name":"Structures: Extension Definitions","description":"These define constraints on FHIR data types for systems conforming to this implementation guide"},{"id":"-term-valueset","name":"Terminology: Value Sets","description":"These define sets of codes used by systems conforming to this implementation guide"},{"id":"-term-codesystem","name":"Terminology: Code Systems","description":"These define new code systems used by systems conforming to this implementation guide"}],"resource":[{"extension":[{"url":"http://hl7.org/fhir/StructureDefinition/implementationguide-page","valueUri":"StructureDefinition-Device-it-sts.html"}],"reference":{"reference":"StructureDefinition/Device-it-sts"},"name":"Device (only serial)","description":"Minimal Device Data: only serial","exampleBoolean":false,"groupingId":"-str-profile"},{"extension":[{"url":"http://hl7.org/fhir/StructureDefinition/implementationguide-page","valueUri":"StructureDefinition-Invoice-it-spesaSanitaria.html"}],"reference":{"reference":"StructureDefinition/Invoice-it-spesaSanitaria"},"name":"Invoice - Documento Fiscale (STS)","description":"This profile defines how to constrain the Invoice resource for the scope of tracking the health expenses (SISTEMA TESSERA SANITARIA)","exampleBoolean":false,"groupingId":"-str-profile"},{"extension":[{"url":"http://hl7.org/fhir/StructureDefinition/implementationguide-page","valueUri":"StructureDefinition-OrganizationIssuer-it-sts.html"}],"reference":{"reference":"StructureDefinition/OrganizationIssuer-it-sts"},"name":"Organization (issuer)","description":"Organization issuing the invoice","exampleBoolean":false,"groupingId":"-str-profile"},{"extension":[{"url":"http://hl7.org/fhir/StructureDefinition/implementationguide-page","valueUri":"StructureDefinition-Patient-it-sts.html"}],"reference":{"reference":"StructureDefinition/Patient-it-sts"},"name":"Patient (only identifier)","description":"Minimal Patient Data: only fiscal code","exampleBoolean":false,"groupingId":"-str-profile"},{"extension":[{"url":"http://hl7.org/fhir/StructureDefinition/implementationguide-page","valueUri":"StructureDefinition-PaymentReconciliation-it-sts.html"}],"reference":{"reference":"StructureDefinition/PaymentReconciliation-it-sts"},"name":"PaymentReconciliation","description":"Minimal PaymentReconciliation Data","exampleBoolean":false,"groupingId":"-str-profile"},{"extension":[{"url":"http://hl7.org/fhir/StructureDefinition/implementationguide-page","valueUri":"StructureDefinition-invoicePaymentExt-it-sts.html"}],"reference":{"reference":"StructureDefinition/invoicePaymentExt-it-sts"},"name":"Dettagli Pagamento","description":"Extension to the Invoice resource allowing to describe the payment details","exampleBoolean":false,"groupingId":"-str-extension"},{"extension":[{"url":"http://hl7.org/fhir/StructureDefinition/implementationguide-page","valueUri":"StructureDefinition-issuerPractictionerExt-it-sts.html"}],"reference":{"reference":"StructureDefinition/issuerPractictionerExt-it-sts"},"name":"Professionista (issuer)","description":"Extension to the Invoice resource allowing to refer a Practiction/PractictionerRole as an issuer","exampleBoolean":false,"groupingId":"-str-extension"},{"extension":[{"url":"http://hl7.org/fhir/StructureDefinition/implementationguide-page","valueUri":"StructureDefinition-DocumentoSpesaSanitaria.html"}],"reference":{"reference":"StructureDefinition/DocumentoSpesaSanitaria"},"name":"Documento Fiscale (STS)","description":"Documento Fiscale da inviarsi al SISTEMA TESSERA SANITARIA. Dati di spesa sanitaria di cui art. 3 comma 3 D.ls 175/2014","exampleBoolean":false,"groupingId":"-str-logicalmodel"},{"extension":[{"url":"http://hl7.org/fhir/StructureDefinition/implementationguide-page","valueUri":"ValueSet-ValueSet-aliquotaIva-it-spesaSanitaria.html"}],"reference":{"reference":"ValueSet/ValueSet-aliquotaIva-it-spesaSanitaria"},"name":"Aliquote Iva","description":"Aliquote IVA ","exampleBoolean":false,"groupingId":"-term-valueset"},{"extension":[{"url":"http://hl7.org/fhir/StructureDefinition/implementationguide-page","valueUri":"ValueSet-ValueSet-esclusioneIva-it-spesaSanitaria.html"}],"reference":{"reference":"ValueSet/ValueSet-esclusioneIva-it-spesaSanitaria"},"name":"Codici esclusione IVA","description":"Codici esclusione IVA","exampleBoolean":false,"groupingId":"-term-valueset"},{"extension":[{"url":"http://hl7.org/fhir/StructureDefinition/implementationguide-page","valueUri":"ValueSet-ValueSet-invoiceType-it-spesaSanitaria.html"}],"reference":{"reference":"ValueSet/ValueSet-invoiceType-it-spesaSanitaria"},"name":"Tipo di documento","description":"Tipologia del documento attestante il pagamento della prestazione o del bene sanitario assume valore: F (fattura) D (documento commerciale)","exampleBoolean":false,"groupingId":"-term-valueset"},{"extension":[{"url":"http://hl7.org/fhir/StructureDefinition/implementationguide-page","valueUri":"ValueSet-ValueSet-lineItemType-it-spesaSanitaria.html"}],"reference":{"reference":"ValueSet/ValueSet-lineItemType-it-spesaSanitaria"},"name":"Tipo di voce di spesa","description":"Tipo di voce di spesa","exampleBoolean":false,"groupingId":"-term-valueset"},{"extension":[{"url":"http://hl7.org/fhir/StructureDefinition/implementationguide-page","valueUri":"ValueSet-ValueSet-priceComponentCode-it-spesaSanitaria.html"}],"reference":{"reference":"ValueSet/ValueSet-priceComponentCode-it-spesaSanitaria"},"name":"Tipo di componente","description":"Tipo di componente del prezzo: e.g. IVA ","exampleBoolean":false,"groupingId":"-term-valueset"},{"extension":[{"url":"http://hl7.org/fhir/StructureDefinition/implementationguide-page","valueUri":"CodeSystem-documentoFiscale.html"}],"reference":{"reference":"CodeSystem/documentoFiscale"},"name":"Internal Code System","description":"Documento Fiscale (STS) FHIR IG Internal Code System","exampleBoolean":false,"groupingId":"-term-codesystem"}],"page":{"nameUrl":"toc.html","title":"Table of Contents","generation":"html","page":[{"nameUrl":"index.html","title":"Home Page","generation":"markdown"},{"nameUrl":"design.html","title":"Principi e disegno","generation":"markdown"},{"nameUrl":"methodology.html","title":"Metodologia","generation":"markdown"},{"nameUrl":"spec.html","title":"Specifiche Tecniche","generation":"markdown"},{"nameUrl":"scenario.html","title":"Scenari","generation":"html"},{"nameUrl":"downloads.html","title":"Download utili","generation":"html"},{"nameUrl":"changes.html","title":"IG Change History","generation":"html"},{"nameUrl":"artifacts.html","title":"Artifacts Summary","generation":"html","page":[{"nameUrl":"StructureDefinition-DocumentoSpesaSanitaria.html","title":"Documento Fiscale (STS)","generation":"generated"},{"nameUrl":"StructureDefinition-Device-it-sts.html","title":"Device (only serial)","generation":"generated"},{"nameUrl":"StructureDefinition-Invoice-it-spesaSanitaria.html","title":"Invoice - Documento Fiscale (STS)","generation":"generated"},{"nameUrl":"StructureDefinition-OrganizationIssuer-it-sts.html","title":"Organization (issuer)","generation":"generated"},{"nameUrl":"StructureDefinition-Patient-it-sts.html","title":"Patient (only identifier)","generation":"generated"},{"nameUrl":"StructureDefinition-PaymentReconciliation-it-sts.html","title":"PaymentReconciliation","generation":"generated"},{"nameUrl":"StructureDefinition-invoicePaymentExt-it-sts.html","title":"Dettagli Pagamento","generation":"generated"},{"nameUrl":"StructureDefinition-issuerPractictionerExt-it-sts.html","title":"Professionista (issuer)","generation":"generated"},{"nameUrl":"ValueSet-ValueSet-aliquotaIva-it-spesaSanitaria.html","title":"Aliquote Iva","generation":"generated"},{"nameUrl":"ValueSet-ValueSet-esclusioneIva-it-spesaSanitaria.html","title":"Codici esclusione IVA","generation":"generated"},{"nameUrl":"ValueSet-ValueSet-invoiceType-it-spesaSanitaria.html","title":"Tipo di documento","generation":"generated"},{"nameUrl":"ValueSet-ValueSet-lineItemType-it-spesaSanitaria.html","title":"Tipo di voce di spesa","generation":"generated"},{"nameUrl":"ValueSet-ValueSet-priceComponentCode-it-spesaSanitaria.html","title":"Tipo di componente","generation":"generated"},{"nameUrl":"CodeSystem-documentoFiscale.html","title":"Internal Code System","generation":"generated"}]}]},"parameter":[{"code":"path-resource","value":"input/capabilities"},{"code":"path-resource","value":"input/examples"},{"code":"path-resource","value":"input/extensions"},{"code":"path-resource","value":"input/models"},{"code":"path-resource","value":"input/operations"},{"code":"path-resource","value":"input/profiles"},{"code":"path-resource","value":"input/resources"},{"code":"path-resource","value":"input/vocabulary"},{"code":"path-resource","value":"input/maps"},{"code":"path-resource","value":"input/testing"},{"code":"path-resource","value":"input/history"},{"code":"path-resource","value":"fsh-generated/resources"},{"code":"path-pages","value":"template/config"},{"code":"path-pages","value":"input/images"},{"code":"path-tx-cache","value":"input-cache/txcache"}]}}