{"resourceType":"ValueSet","id":"ValueSet-priceComponentCode-it-spesaSanitaria","text":{"status":"extensions","div":"<div xmlns=\"http://www.w3.org/1999/xhtml\"><ul><li>Include these codes as defined in <a href=\"CodeSystem-documentoFiscale.html\"><code>http://hl7.it/fhir/spesaSanitaria/CodeSystem/documentoFiscale</code></a><table class=\"none\"><tr><td style=\"white-space:nowrap\"><b>Code</b></td><td><b>Display</b></td><td><b>Definition</b></td></tr><tr><td><a href=\"CodeSystem-documentoFiscale.html#documentoFiscale-aliquota-iva\">aliquota-iva</a></td><td>Aliquota IVA</td><td>Aliquota IVA</td></tr></table></li></ul></div>"},"url":"http://hl7.it/fhir/spesaSanitaria/ValueSet/ValueSet-priceComponentCode-it-spesaSanitaria","version":"0.1.0","name":"VsPriceComponentCodeSTS","title":"Tipo di componente","status":"active","date":"2021-10-25T21:40:26+00:00","description":"Tipo di componente del prezzo: e.g. IVA ","jurisdiction":[{"coding":[{"system":"urn:iso:std:iso:3166","code":"IT","display":"Italy"}]}],"compose":{"include":[{"system":"http://hl7.it/fhir/spesaSanitaria/CodeSystem/documentoFiscale","concept":[{"code":"aliquota-iva"}]}]}}